codigo,municipio,ano,casos,sigla_uf,populacao,casos100k,,
110012,Ji-Paraná,2010,NA,RO,116610,NA,,
110012,Ji-Paraná,2011,NA,RO,117363,NA,,
110012,Ji-Paraná,2012,NA,RO,118092,NA,,
110012,Ji-Paraná,2013,2,RO,128026,"1,56218268164279",,2
110012,Ji-Paraná,2014,2,RO,129242,"1,54748456384148",,
110012,Ji-Paraná,2015,84,RO,130419,"64,4077933429945",,
110012,Ji-Paraná,2016,206,RO,131560,"156,582547886896",,
110012,Ji-Paraná,2017,142,RO,132667,"107,03490694747",,
110012,Ji-Paraná,2018,132,RO,127907,"103,199981236367",,
110012,Ji-Paraná,2019,77,RO,128969,"59,7042700183765",,
110012,Ji-Paraná,2020,98,RO,130009,"75,37939681099",,
110012,Ji-Paraná,2021,48,RO,131026,"36,6339505136385",,
120040,Rio Branco,2010,4,AC,336038,"1,19034156851309",,
120040,Rio Branco,2011,7,AC,342299,"2,04499574933026",,
120040,Rio Branco,2012,NA,AC,348354,NA,,
120040,Rio Branco,2013,NA,AC,357194,NA,,
120040,Rio Branco,2014,1,AC,363928,"0,274779626739355",,
120040,Rio Branco,2015,2,AC,370550,"0,539738226959924",,
120040,Rio Branco,2016,2,AC,377057,"0,530423782080693",,
120040,Rio Branco,2017,3,AC,383443,"0,782384865547161",,
120040,Rio Branco,2018,1,AC,401155,"0,249280203412646",,
120040,Rio Branco,2019,5,AC,407319,"1,22753910325813",,
120040,Rio Branco,2020,22,AC,413418,"5,32149059789366",,
120040,Rio Branco,2021,282,AC,419452,"67,2305770386123",,
130260,Manaus,2010,58,AM,1802014,"3,21862094301154",,
130260,Manaus,2011,173,AM,1832424,"9,44104639537574",,
130260,Manaus,2012,515,AM,1861838,"27,6608383758415",,
130260,Manaus,2013,747,AM,1982177,"37,6858373394505",,
130260,Manaus,2014,642,AM,2020301,"31,7774430641771",,
130260,Manaus,2015,439,AM,2057711,"21,3343856353006",,
130260,Manaus,2016,617,AM,2094391,"29,4596376703299",,
130260,Manaus,2017,1120,AM,2130264,"52,5756432066636",,
130260,Manaus,2018,1909,AM,2145444,"88,9792509149621",,
130260,Manaus,2019,3432,AM,2182763,"157,231912030761",,
130260,Manaus,2020,2488,AM,2219580,"112,093278908622",,
130260,Manaus,2021,1108,AM,2255903,"49,1155869733761",,
140010,Boa Vista,2010,NA,RR,284313,NA,,
140010,Boa Vista,2011,NA,RR,290741,NA,,
140010,Boa Vista,2012,2,RR,296959,"0,673493647271172",,
140010,Boa Vista,2013,1,RR,308996,"0,323628784838639",,
140010,Boa Vista,2014,15,RR,314900,"4,76341695776437",,
140010,Boa Vista,2015,85,RR,320714,"26,5033643682533",,
140010,Boa Vista,2016,234,RR,326419,"71,6870035138886",,
140010,Boa Vista,2017,145,RR,332020,"43,672067947714",,
140010,Boa Vista,2018,575,RR,375374,"153,180561253576",,
140010,Boa Vista,2019,557,RR,399213,"139,524514482244",,
140010,Boa Vista,2020,304,RR,419652,"72,4409749030149",,
140010,Boa Vista,2021,142,RR,436591,"32,5247199323852",,
150140,Belém,2010,NA,PA,1393399,NA,,
150140,Belém,2011,15,PA,1402056,"1,06985740940447",,
150140,Belém,2012,16,PA,1410430,"1,13440581950185",,
150140,Belém,2013,3,PA,1425922,"0,210390189645717",,
150140,Belém,2014,42,PA,1432844,"2,93123326754343",,
150140,Belém,2015,90,PA,1439561,"6,25190596299844",,
150140,Belém,2016,559,PA,1446042,"38,6572450869338",,
150140,Belém,2017,796,PA,1452275,"54,8105558520253",,
150140,Belém,2018,671,PA,1485732,"45,1629230574559",,
150140,Belém,2019,698,PA,1492745,"46,7594934164911",,
150140,Belém,2020,462,PA,1499641,"30,8073732313267",,
150140,Belém,2021,251,PA,1506420,"16,6620198882118",,
150170,Bragança,2010,NA,PA,113227,NA,,
150170,Bragança,2011,1,PA,114720,"0,871687587168759",,
150170,Bragança,2012,1,PA,116164,"0,860851899039289",,
150170,Bragança,2013,44,PA,118678,"37,0751108040243",,
150170,Bragança,2014,26,PA,120124,"21,6443008890813",,
150170,Bragança,2015,14,PA,121528,"11,5199789348957",,
150170,Bragança,2016,20,PA,122881,"16,2759092129784",,
150170,Bragança,2017,12,PA,124184,"9,66308059009212",,
150170,Bragança,2018,57,PA,126436,"45,0820968711443",,
150170,Bragança,2019,53,PA,127686,"41,5080744952462",,
150170,Bragança,2020,69,PA,128914,"53,5240547962207",,
150170,Bragança,2021,30,PA,130122,"23,0552865772122",,
150420,Marabá,2010,NA,PA,233669,NA,,
150420,Marabá,2011,NA,PA,238708,NA,,
150420,Marabá,2012,NA,PA,243583,NA,,
150420,Marabá,2013,NA,PA,251885,NA,,
150420,Marabá,2014,NA,PA,257062,NA,,
150420,Marabá,2015,NA,PA,262085,NA,,
150420,Marabá,2016,NA,PA,266932,NA,,
150420,Marabá,2017,NA,PA,271594,NA,,
150420,Marabá,2018,NA,PA,275086,NA,,
150420,Marabá,2019,20,PA,279349,"7,15950298730262",,
150420,Marabá,2020,72,PA,283542,"25,3930634614978",,
150420,Marabá,2021,101,PA,287664,"35,1104065854608",,
150442,Marituba,2010,NA,PA,108246,NA,,
150442,Marituba,2011,NA,PA,110842,NA,,
150442,Marituba,2012,3,PA,113353,"2,64659956066447",,
150442,Marituba,2013,1,PA,117614,"0,850238917135715",,
150442,Marituba,2014,2,PA,120305,"1,66244129504177",,
150442,Marituba,2015,NA,PA,122916,NA,,
150442,Marituba,2016,NA,PA,125435,NA,,
150442,Marituba,2017,NA,PA,127858,NA,,
150442,Marituba,2018,22,PA,129321,"17,0119315501736",,
150442,Marituba,2019,20,PA,131521,"15,2066970293717",,
150442,Marituba,2020,NA,PA,133685,NA,,
150442,Marituba,2021,1,PA,135812,"0,736311960651489",,
150553,Parauapebas,2010,NA,PA,153908,NA,,
150553,Parauapebas,2011,NA,PA,160229,NA,,
150553,Parauapebas,2012,NA,PA,166342,NA,,
150553,Parauapebas,2013,NA,PA,176582,NA,,
150553,Parauapebas,2014,NA,PA,183352,NA,,
150553,Parauapebas,2015,NA,PA,189921,NA,,
150553,Parauapebas,2016,NA,PA,196259,NA,,
150553,Parauapebas,2017,NA,PA,202356,NA,,
150553,Parauapebas,2018,NA,PA,202882,NA,,
150553,Parauapebas,2019,122,PA,208273,"58,5769638887422",,
150553,Parauapebas,2020,89,PA,213576,"41,6713488406937",,
150553,Parauapebas,2021,72,PA,218787,"32,9087194394548",,
160030,Macapá,2010,NA,AP,398204,NA,,
160030,Macapá,2011,NA,AP,407023,NA,,
160030,Macapá,2012,NA,AP,415554,NA,,
160030,Macapá,2013,NA,AP,437256,NA,,
160030,Macapá,2014,1,AP,446757,"0,22383532882529",,
160030,Macapá,2015,36,AP,456171,"7,89177742557067",,
160030,Macapá,2016,125,AP,465495,"26,8531348349606",,
160030,Macapá,2017,123,AP,474706,"25,9107742476396",,
160030,Macapá,2018,252,AP,493634,"51,0499681950595",,
160030,Macapá,2019,271,AP,503327,"53,84173708146",,
160030,Macapá,2020,180,AP,512902,"35,0944234961065",,
160030,Macapá,2021,164,AP,522357,"31,3961524398065",,
170210,Araguaína,2010,NA,TO,150484,NA,,
170210,Araguaína,2011,4,TO,153351,"2,60839511969273",,
170210,Araguaína,2012,3,TO,156123,"1,921561845468",,
170210,Araguaína,2013,22,TO,164093,"13,4070313785475",,
170210,Araguaína,2014,57,TO,167176,"34,0958032253434",,
170210,Araguaína,2015,46,TO,170183,"27,0297268234783",,
170210,Araguaína,2016,102,TO,173112,"58,9213919312353",,
170210,Araguaína,2017,108,TO,175960,"61,3775858149579",,
170210,Araguaína,2018,122,TO,177517,"68,7258121757353",,
170210,Araguaína,2019,293,TO,180470,"162,353853826121",,
170210,Araguaína,2020,137,TO,183381,"74,7078486866142",,
170210,Araguaína,2021,60,TO,186245,"32,2156299497973",,
172100,Palmas,2010,NA,TO,228332,NA,,
172100,Palmas,2011,8,TO,235316,"3,39968382940387",,
172100,Palmas,2012,14,TO,242070,"5,78345106787293",,
172100,Palmas,2013,50,TO,257904,"19,3870587505428",,
172100,Palmas,2014,40,TO,265409,"15,0710789762216",,
172100,Palmas,2015,161,TO,272726,"59,0336088235078",,
172100,Palmas,2016,255,TO,279856,"91,1182894059802",,
172100,Palmas,2017,392,TO,286787,"136,686809374205",,
172100,Palmas,2018,379,TO,291855,"129,859005327988",,
172100,Palmas,2019,509,TO,299127,"170,161837614124",,
172100,Palmas,2020,406,TO,306296,"132,551518792279",,
172100,Palmas,2021,318,TO,313349,"101,484287487753",,
210750,Paço do Lumiar,2010,NA,MA,105121,NA,,
210750,Paço do Lumiar,2011,NA,MA,107764,NA,,
210750,Paço do Lumiar,2012,NA,MA,110321,NA,,
210750,Paço do Lumiar,2013,2,MA,113378,"1,76401065462435",,
210750,Paço do Lumiar,2014,1,MA,115693,"0,864356529781404",,
210750,Paço do Lumiar,2015,1,MA,117877,"0,848341915725714",,
210750,Paço do Lumiar,2016,5,MA,119915,"4,16962014760455",,
210750,Paço do Lumiar,2017,3,MA,122420,"2,45057997059304",,
210750,Paço do Lumiar,2018,9,MA,120621,"7,46138732061581",,
210750,Paço do Lumiar,2019,7,MA,122197,"5,72845487205087",,
210750,Paço do Lumiar,2020,7,MA,123747,"5,65670278875448",,
210750,Paço do Lumiar,2021,7,MA,125265,"5,58815311539536",,
211130,Săo Luís,2010,NA,MA,1014837,NA,,
211130,Săo Luís,2011,NA,MA,1027430,NA,,
211130,Săo Luís,2012,8,MA,1039610,"0,769519338982888",,
211130,Săo Luís,2013,42,MA,1053922,"3,98511464795307",,
211130,Săo Luís,2014,52,MA,1064197,"4,88631334236048",,
211130,Săo Luís,2015,202,MA,1073893,"18,810067669684",,
211130,Săo Luís,2016,289,MA,1082935,"26,6867355843149",,
211130,Săo Luís,2017,377,MA,1091868,"34,5279832360688",,
211130,Săo Luís,2018,617,MA,1094667,"56,364172848912",,
211130,Săo Luís,2019,703,MA,1101884,"63,7998192187199",,
211130,Săo Luís,2020,574,MA,1108975,"51,7595076534638",,
211130,Săo Luís,2021,200,MA,1115932,"17,9222389894725",,
211220,Timon,2010,NA,MA,155460,NA,,
211220,Timon,2011,NA,MA,157438,NA,,
211220,Timon,2012,5,MA,159471,"3,13536630484539",,
211220,Timon,2013,1,MA,161721,"0,618348884807786",,
211220,Timon,2014,1,MA,163342,"0,61221241321889",,
211220,Timon,2015,7,MA,164869,"4,24579514644961",,
211220,Timon,2016,8,MA,166295,"4,81072792326889",,
211220,Timon,2017,15,MA,167619,"8,94886617865516",,
211220,Timon,2018,114,MA,167973,"67,8680502223572",,
211220,Timon,2019,99,MA,169107,"58,5428160868563",,
211220,Timon,2020,18,MA,170222,"10,5744263373712",,
211220,Timon,2021,16,MA,171317,"9,33941173380342",,
220770,Parnaíba,2010,NA,PI,145705,NA,,
220770,Parnaíba,2011,NA,PI,146736,NA,,
220770,Parnaíba,2012,NA,PI,147732,NA,,
220770,Parnaíba,2013,1,PI,148832,"0,671898516448076",,
220770,Parnaíba,2014,32,PI,149348,"21,4264670434154",,
220770,Parnaíba,2015,34,PI,149803,"22,6964747034439",,
220770,Parnaíba,2016,51,PI,150201,"33,9545009687019",,
220770,Parnaíba,2017,49,PI,150547,"32,5479750509808",,
220770,Parnaíba,2018,59,PI,152653,"38,6497481215567",,
220770,Parnaíba,2019,73,PI,153078,"47,6881067168372",,
220770,Parnaíba,2020,82,PI,153482,"53,4264604318422",,
220770,Parnaíba,2021,34,PI,153863,"22,0975803149555",,
221100,Teresina,2010,NA,PI,814230,NA,,
221100,Teresina,2011,2,PI,822364,"0,243201307450229",,
221100,Teresina,2012,2,PI,830231,"0,240896810646675",,
221100,Teresina,2013,NA,PI,836475,NA,,
221100,Teresina,2014,NA,PI,840600,NA,,
221100,Teresina,2015,4,PI,844245,"0,473796113687378",,
221100,Teresina,2016,1,PI,847430,"0,11800384692541",,
221100,Teresina,2017,161,PI,850198,"18,9367653181965",,
221100,Teresina,2018,325,PI,861442,"37,7274384114078",,
221100,Teresina,2019,447,PI,864845,"51,6855621527557",,
221100,Teresina,2020,235,PI,868075,"27,0713936007833",,
221100,Teresina,2021,129,PI,871126,"14,8084203662846",,
230370,Caucaia,2010,NA,CE,325441,NA,,
230370,Caucaia,2011,2,CE,330855,"0,604494415982832",,
230370,Caucaia,2012,NA,CE,336091,NA,,
230370,Caucaia,2013,NA,CE,344936,NA,,
230370,Caucaia,2014,NA,CE,349526,NA,,
230370,Caucaia,2015,NA,CE,353932,NA,,
230370,Caucaia,2016,NA,CE,358164,NA,,
230370,Caucaia,2017,48,CE,362223,"13,2515052881788",,
230370,Caucaia,2018,241,CE,363982,"66,2120654318071",,
230370,Caucaia,2019,214,CE,361400,"59,2141671278362",,
230370,Caucaia,2020,111,CE,365212,"30,3933058059428",,
230370,Caucaia,2021,60,CE,368918,"16,2637767742425",,
230440,Fortaleza,2010,7,CE,2452185,"0,285459702265531",,
230440,Fortaleza,2011,218,CE,2476589,"8,80242947053387",,
230440,Fortaleza,2012,50,CE,2500194,"1,99984481204259",,
230440,Fortaleza,2013,77,CE,2551806,"3,01747076384333",,
230440,Fortaleza,2014,135,CE,2571896,"5,24904584011173",,
230440,Fortaleza,2015,269,CE,2591188,"10,3813385983572",,
230440,Fortaleza,2016,554,CE,2609716,"21,2283635460717",,
230440,Fortaleza,2017,842,CE,2627482,"32,0458903238918",,
230440,Fortaleza,2018,1072,CE,2643247,"40,556179577618",,
230440,Fortaleza,2019,1432,CE,2669342,"53,6461794704463",,
230440,Fortaleza,2020,1287,CE,2686612,"47,90420053212",,
230440,Fortaleza,2021,542,CE,2703391,"20,0488941481273",,
230765,Maracanaú,2010,2,CE,209057,"0,956676887164745",,
230765,Maracanaú,2011,58,CE,211267,"27,4534120331145",,
230765,Maracanaú,2012,74,CE,213404,"34,6760135705048",,
230765,Maracanaú,2013,91,CE,217922,"41,7580602233827",,
230765,Maracanaú,2014,71,CE,219749,"32,3095895771994",,
230765,Maracanaú,2015,75,CE,221504,"33,8594336896851",,
230765,Maracanaú,2016,103,CE,223188,"46,1494345574135",,
230765,Maracanaú,2017,154,CE,224804,"68,5041191437875",,
230765,Maracanaú,2018,253,CE,226128,"111,883534989033",,
230765,Maracanaú,2019,275,CE,227886,"120,674372273856",,
230765,Maracanaú,2020,183,CE,229458,"79,7531574405774",,
230765,Maracanaú,2021,103,CE,230986,"44,5914471006901",,
240810,Natal,2010,NA,RN,803739,NA,,
240810,Natal,2011,12,RN,810780,"1,4800562421372",,
240810,Natal,2012,28,RN,817590,"3,42469942147042",,
240810,Natal,2013,74,RN,853928,"8,66583599554061",,
240810,Natal,2014,131,RN,862044,"15,196440088905",,
240810,Natal,2015,282,RN,869954,"32,4155070268083",,
240810,Natal,2016,446,RN,877662,"50,8168292577325",,
240810,Natal,2017,810,RN,885180,"91,5068121737952",,
240810,Natal,2018,658,RN,877640,"74,9737933549063",,
240810,Natal,2019,893,RN,884122,"101,004160059358",,
240810,Natal,2020,790,RN,890480,"88,71619800557",,
240810,Natal,2021,506,RN,896708,"56,428625594954",,
240325,Parnamirim,2010,NA,RN,202456,NA,,
240325,Parnamirim,2011,7,RN,208426,"3,3585061364705",,
240325,Parnamirim,2012,32,RN,214199,"14,9393788019552",,
240325,Parnamirim,2013,20,RN,229414,"8,71786377466066",,
240325,Parnamirim,2014,20,RN,235983,"8,47518677192849",,
240325,Parnamirim,2015,11,RN,242384,"4,53825335005611",,
240325,Parnamirim,2016,30,RN,248623,"12,0664620730986",,
240325,Parnamirim,2017,41,RN,254709,"16,0968006627171",,
240325,Parnamirim,2018,94,RN,255793,"36,7484645787805",,
240325,Parnamirim,2019,61,RN,261469,"23,3297255123934",,
240325,Parnamirim,2020,119,RN,267036,"44,5632798573975",,
240325,Parnamirim,2021,55,RN,272490,"20,184226944108",,
250750,Joăo Pessoa,2010,9,PB,723515,"1,24392721643643",,
250750,Joăo Pessoa,2011,67,PB,733155,"9,13858597431648",,
250750,Joăo Pessoa,2012,33,PB,742478,"4,4445761355892",,
250750,Joăo Pessoa,2013,39,PB,769607,"5,06752147524646",,
250750,Joăo Pessoa,2014,2,PB,780738,"0,256167882183268",,
250750,Joăo Pessoa,2015,54,PB,791438,"6,82302340802438",,
250750,Joăo Pessoa,2016,29,PB,801718,"3,61723199429226",,
250750,Joăo Pessoa,2017,550,PB,811598,"67,7675400875803",,
250750,Joăo Pessoa,2018,914,PB,800323,"114,20389017934",,
250750,Joăo Pessoa,2019,1199,PB,809015,"148,204915854465",,
250750,Joăo Pessoa,2020,486,PB,817511,"59,4487413625016",,
250750,Joăo Pessoa,2021,247,PB,825796,"29,9105348052061",,
251370,Santa Rita,2010,NA,PB,120310,NA,,
251370,Santa Rita,2011,NA,PB,121166,NA,,
251370,Santa Rita,2012,NA,PB,121994,NA,,
251370,Santa Rita,2013,NA,PB,132871,NA,,
251370,Santa Rita,2014,NA,PB,133927,NA,,
251370,Santa Rita,2015,6,PB,134940,"4,44642063139173",,
251370,Santa Rita,2016,9,PB,135915,"6,62178567487032",,
251370,Santa Rita,2017,26,PB,136851,"18,9987650802698",,
251370,Santa Rita,2018,78,PB,135807,"57,4344474143454",,
251370,Santa Rita,2019,52,PB,136586,"38,0712518120452",,
251370,Santa Rita,2020,51,PB,137349,"37,1316864338292",,
251370,Santa Rita,2021,22,PB,138093,"15,931292679571",,
260290,Cabo de Santo Agostinho,2010,NA,PE,185025,NA,,
260290,Cabo de Santo Agostinho,2011,2,PE,187159,"1,06861011225749",,
260290,Cabo de Santo Agostinho,2012,NA,PE,189222,NA,,
260290,Cabo de Santo Agostinho,2013,1,PE,196152,"0,509808719768343",,
260290,Cabo de Santo Agostinho,2014,5,PE,198383,"2,52037725006679",,
260290,Cabo de Santo Agostinho,2015,35,PE,200546,"17,4523550706571",,
260290,Cabo de Santo Agostinho,2016,2,PE,202636,"0,98699145265402",,
260290,Cabo de Santo Agostinho,2017,85,PE,204653,"41,5337180495766",,
260290,Cabo de Santo Agostinho,2018,94,PE,205112,"45,8286204610164",,
260290,Cabo de Santo Agostinho,2019,810,PE,207048,"391,213631621653",,
260290,Cabo de Santo Agostinho,2020,164,PE,208944,"78,489930316257",,
260290,Cabo de Santo Agostinho,2021,162,PE,210796,"76,8515531604015",,
260345,Camaragibe,2010,NA,PE,144466,NA,,
260345,Camaragibe,2011,NA,PE,145676,NA,,
260345,Camaragibe,2012,NA,PE,146847,NA,,
260345,Camaragibe,2013,NA,PE,151587,NA,,
260345,Camaragibe,2014,4,PE,152840,"2,61711593823606",,
260345,Camaragibe,2015,12,PE,154054,"7,78947641736015",,
260345,Camaragibe,2016,174,PE,155228,"112,093179065632",,
260345,Camaragibe,2017,45,PE,156361,"28,7795550041251",,
260345,Camaragibe,2018,62,PE,156736,"39,5569620253165",,
260345,Camaragibe,2019,123,PE,157828,"77,9329396558279",,
260345,Camaragibe,2020,163,PE,158899,"102,580884712931",,
260345,Camaragibe,2021,71,PE,159945,"44,3902591515834",,
260680,Igarassu,2010,NA,PE,102021,NA,,
260680,Igarassu,2011,NA,PE,103537,NA,,
260680,Igarassu,2012,2,PE,105003,"1,90470748454806",,
260680,Igarassu,2013,NA,PE,109322,NA,,
260680,Igarassu,2014,NA,PE,110917,NA,,
260680,Igarassu,2015,NA,PE,112463,NA,,
260680,Igarassu,2016,NA,PE,113956,NA,,
260680,Igarassu,2017,48,PE,115398,"41,5951749597047",,
260680,Igarassu,2018,335,PE,115640,"289,692148045659",,
260680,Igarassu,2019,170,PE,117019,"145,275553542587",,
260680,Igarassu,2020,108,PE,118370,"91,2393342907831",,
260680,Igarassu,2021,107,PE,119690,"89,3976104937756",,
260790,Jaboatăo dos Guararapes,2010,NA,PE,644620,NA,,
260790,Jaboatăo dos Guararapes,2011,32,PE,649788,"4,92468312742002",,
260790,Jaboatăo dos Guararapes,2012,NA,PE,654786,NA,,
260790,Jaboatăo dos Guararapes,2013,15,PE,675599,"2,22025195419176",,
260790,Jaboatăo dos Guararapes,2014,64,PE,680943,"9,39873087762118",,
260790,Jaboatăo dos Guararapes,2015,186,PE,686122,"27,1088815108683",,
260790,Jaboatăo dos Guararapes,2016,617,PE,691125,"89,2747332248146",,
260790,Jaboatăo dos Guararapes,2017,455,PE,695956,"65,3776962911448",,
260790,Jaboatăo dos Guararapes,2018,406,PE,697636,"58,1965380226938",,
260790,Jaboatăo dos Guararapes,2019,464,PE,702298,"66,0688197887506",,
260790,Jaboatăo dos Guararapes,2020,246,PE,706867,"34,8014548705768",,
260790,Jaboatăo dos Guararapes,2021,187,PE,711330,"26,2887829839877",,
260960,Olinda,2010,NA,PE,377779,NA,,
260960,Olinda,2011,16,PE,378538,"4,22678832772403",,
260960,Olinda,2012,4,PE,379271,"1,05465485101682",,
260960,Olinda,2013,NA,PE,388127,NA,,
260960,Olinda,2014,NA,PE,388821,NA,,
260960,Olinda,2015,NA,PE,389494,NA,,
260960,Olinda,2016,122,PE,390144,"31,2705052493438",,
260960,Olinda,2017,59,PE,390771,"15,0983568381482",,
260960,Olinda,2018,231,PE,391835,"58,9533859915526",,
260960,Olinda,2019,272,PE,392482,"69,3025412630388",,
260960,Olinda,2020,162,PE,393115,"41,2093153402948",,
260960,Olinda,2021,39,PE,393734,"9,90516440033119",,
261110,Petrolina,2010,NA,PE,293962,NA,,
261110,Petrolina,2011,7,PE,299752,"2,33526381808962",,
261110,Petrolina,2012,NA,PE,305352,NA,,
261110,Petrolina,2013,NA,PE,319893,NA,,
261110,Petrolina,2014,1,PE,326017,"0,306732471006113",,
261110,Petrolina,2015,NA,PE,331951,NA,,
261110,Petrolina,2016,1,PE,337683,"0,296135724925448",,
261110,Petrolina,2017,23,PE,343219,"6,70126071109117",,
261110,Petrolina,2018,195,PE,343865,"56,7083012228636",,
261110,Petrolina,2019,167,PE,349145,"47,8311303326698",,
261110,Petrolina,2020,161,PE,354317,"45,4395357829288",,
261110,Petrolina,2021,90,PE,359372,"25,0436873212159",,
261160,Recife,2010,2,PE,1537704,"0,130064043535037",,
261160,Recife,2011,207,PE,1546516,"13,3849245659275",,
261160,Recife,2012,199,PE,1555039,"12,7971066963594",,
261160,Recife,2013,135,PE,1599513,"8,44006894598543",,
261160,Recife,2014,102,PE,1608488,"6,34135909002741",,
261160,Recife,2015,209,PE,1617183,"12,9237074592053",,
261160,Recife,2016,286,PE,1625583,"17,5936879261164",,
261160,Recife,2017,405,PE,1633697,"24,7903987091854",,
261160,Recife,2018,2609,PE,1637834,"159,295752805229",,
261160,Recife,2019,3035,PE,1645727,"184,416978028555",,
261160,Recife,2020,1685,PE,1653461,"101,907453517198",,
261160,Recife,2021,1236,PE,1661017,"74,4122426200334",,
261370,Săo Lourenço da Mata,2010,NA,PE,102895,NA,,
261370,Săo Lourenço da Mata,2011,NA,PE,103854,NA,,
261370,Săo Lourenço da Mata,2012,NA,PE,104782,NA,,
261370,Săo Lourenço da Mata,2013,NA,PE,108301,NA,,
261370,Săo Lourenço da Mata,2014,1,PE,109298,"0,914929824882431",,
261370,Săo Lourenço da Mata,2015,NA,PE,110264,NA,,
261370,Săo Lourenço da Mata,2016,NA,PE,111197,NA,,
261370,Săo Lourenço da Mata,2017,50,PE,112099,"44,6034308959045",,
261370,Săo Lourenço da Mata,2018,153,PE,112362,"136,167031558712",,
261370,Săo Lourenço da Mata,2019,109,PE,113230,"96,2642409255498",,
261370,Săo Lourenço da Mata,2020,67,PE,114079,"58,7312301124659",,
261370,Săo Lourenço da Mata,2021,12,PE,114910,"10,4429553563659",,
270430,Maceió,2010,4,AL,932748,"0,428840372748052",,
270430,Maceió,2011,5,AL,943110,"0,530160850802133",,
270430,Maceió,2012,4,AL,953393,"0,419554160771057",,
270430,Maceió,2013,4,AL,996733,"0,401311083309171",,
270430,Maceió,2014,NA,AL,1005319,NA,,
270430,Maceió,2015,2,AL,1013773,"0,197282823669599",,
270430,Maceió,2016,50,AL,1021709,"4,89376133517469",,
270430,Maceió,2017,136,AL,1029129,"13,2150585592282",,
270430,Maceió,2018,35,AL,1012382,"3,45719303583035",,
270430,Maceió,2019,16,AL,1018948,"1,57024696059073",,
270430,Maceió,2020,4,AL,1025360,"0,390106889287665",,
270430,Maceió,2021,10,AL,1031597,"0,969370791113196",,
280030,Aracaju,2010,1,SE,571149,"0,175085660659478",,
280030,Aracaju,2011,180,SE,579563,"31,0578832672203",,
280030,Aracaju,2012,267,SE,587701,"45,4312652181977",,
280030,Aracaju,2013,403,SE,614577,"65,5735570969952",,
280030,Aracaju,2014,416,SE,623766,"66,6916760451836",,
280030,Aracaju,2015,405,SE,632744,"64,0069285524636",,
280030,Aracaju,2016,355,SE,641523,"55,3370650779473",,
280030,Aracaju,2017,498,SE,650106,"76,6028924513848",,
280030,Aracaju,2018,225,SE,648939,"34,6719799549727",,
280030,Aracaju,2019,7,SE,657013,"1,06542792912773",,
280030,Aracaju,2020,115,SE,664908,"17,2956258610214",,
280030,Aracaju,2021,320,SE,672614,"47,5755782662865",,
280480,Nossa Senhora do Socorro,2010,NA,SE,160827,NA,,
280480,Nossa Senhora do Socorro,2011,5,SE,163047,"3,06660042809742",,
280480,Nossa Senhora do Socorro,2012,20,SE,165194,"12,1069772509897",,
280480,Nossa Senhora do Socorro,2013,84,SE,172547,"48,6823879870412",,
280480,Nossa Senhora do Socorro,2014,40,SE,174974,"22,8605392801216",,
280480,Nossa Senhora do Socorro,2015,61,SE,177344,"34,3964272825695",,
280480,Nossa Senhora do Socorro,2016,96,SE,179661,"53,4339673050913",,
280480,Nossa Senhora do Socorro,2017,125,SE,181928,"68,7085000659602",,
280480,Nossa Senhora do Socorro,2018,126,SE,181503,"69,4203401596668",,
280480,Nossa Senhora do Socorro,2019,105,SE,183628,"57,180822096848",,
280480,Nossa Senhora do Socorro,2020,78,SE,185706,"42,0018739297599",,
280480,Nossa Senhora do Socorro,2021,61,SE,187733,"32,4929554207305",,
290570,Camaçari,2010,4,BA,242970,"1,64629378112524",,
290570,Camaçari,2011,65,BA,249206,"26,082839096972",,
290570,Camaçari,2012,63,BA,255238,"24,6828450309123",,
290570,Camaçari,2013,57,BA,275575,"20,6840243128005",,
290570,Camaçari,2014,152,BA,281413,"54,0131408286042",,
290570,Camaçari,2015,37,BA,286919,"12,89562559468",,
290570,Camaçari,2016,23,BA,292074,"7,87471668138896",,
290570,Camaçari,2017,212,BA,296893,"71,4061968453281",,
290570,Camaçari,2018,240,BA,293723,"81,709637992258",,
290570,Camaçari,2019,105,BA,299132,"35,1015605150903",,
290570,Camaçari,2020,95,BA,304302,"31,2189864016668",,
290570,Camaçari,2021,108,BA,309208,"34,9279449432098",,
292530,Porto Seguro,2010,2,BA,126929,"1,57568404383553",,
292530,Porto Seguro,2011,1,BA,129325,"0,7732456988208",,
292530,Porto Seguro,2012,NA,BA,131642,NA,,
292530,Porto Seguro,2013,NA,BA,141006,NA,,
292530,Porto Seguro,2014,23,BA,143282,"16,0522605770439",,
292530,Porto Seguro,2015,31,BA,145431,"21,3159505194903",,
292530,Porto Seguro,2016,59,BA,147444,"40,0151922085673",,
292530,Porto Seguro,2017,93,BA,149324,"62,2806782566768",,
292530,Porto Seguro,2018,337,BA,146625,"229,838022165388",,
292530,Porto Seguro,2019,287,BA,148686,"193,024225549144",,
292530,Porto Seguro,2020,61,BA,150658,"40,4890546801365",,
292530,Porto Seguro,2021,3,BA,152529,"1,96683909289381",,
292740,Salvador,2010,8,BA,2675656,"0,298992097638859",,
292740,Salvador,2011,82,BA,2693606,"3,04424626318771",,
292740,Salvador,2012,147,BA,2710968,"5,42241738006498",,
292740,Salvador,2013,334,BA,2883682,"11,5824144271109",,
292740,Salvador,2014,455,BA,2902927,"15,6738354081932",,
292740,Salvador,2015,1031,BA,2921087,"35,2950802218489",,
292740,Salvador,2016,1812,BA,2938092,"61,6726773702117",,
292740,Salvador,2017,1898,BA,2953986,"64,2521663948306",,
292740,Salvador,2018,3953,BA,2857329,"138,345986758963",,
292740,Salvador,2019,1684,BA,2872347,"58,6280139551384",,
292740,Salvador,2020,992,BA,2886698,"34,3645230640684",,
292740,Salvador,2021,1254,BA,2900319,"43,2366232817838",,
293135,Teixeira de Freitas,2010,NA,BA,138341,NA,,
293135,Teixeira de Freitas,2011,3,BA,140710,"2,13204463080094",,
293135,Teixeira de Freitas,2012,9,BA,143001,"6,29366228208194",,
293135,Teixeira de Freitas,2013,56,BA,153385,"36,50943703752",,
293135,Teixeira de Freitas,2014,91,BA,155659,"58,4611233529703",,
293135,Teixeira de Freitas,2015,128,BA,157804,"81,1132797647715",,
293135,Teixeira de Freitas,2016,180,BA,159813,"112,631638227178",,
293135,Teixeira de Freitas,2017,150,BA,161690,"92,7701156534109",,
293135,Teixeira de Freitas,2018,122,BA,158445,"76,9983274953454",,
293135,Teixeira de Freitas,2019,98,BA,160487,"61,0641360359406",,
293135,Teixeira de Freitas,2020,74,BA,162438,"45,5558428446546",,
293135,Teixeira de Freitas,2021,26,BA,164290,"15,8256741128492",,
310620,Belo Horizonte,2010,6,MG,2375151,"0,25261551791865",,
310620,Belo Horizonte,2011,289,MG,2385640,"12,1141496621452",,
310620,Belo Horizonte,2012,785,MG,2395785,"32,7658784072861",,
310620,Belo Horizonte,2013,1192,MG,2479165,"48,0807045920703",,
310620,Belo Horizonte,2014,1475,MG,2491109,"59,2105764942441",,
310620,Belo Horizonte,2015,2641,MG,2502557,"105,532061807184",,
310620,Belo Horizonte,2016,3345,MG,2513451,"133,083955088044",,
310620,Belo Horizonte,2017,3447,MG,2523794,"136,580085379393",,
310620,Belo Horizonte,2018,3703,MG,2501576,"148,02668397842",,
310620,Belo Horizonte,2019,3979,MG,2512070,"158,395267647796",,
310620,Belo Horizonte,2020,3368,MG,2521564,"133,567896749795",,
310620,Belo Horizonte,2021,1939,MG,2530701,"76,6190869644419",,
312770,Governador Valadares,2010,15,MG,263689,"5,6885194300862",,
312770,Governador Valadares,2011,79,MG,264960,"29,8158212560386",,
312770,Governador Valadares,2012,168,MG,266190,"63,1128141553026",,
312770,Governador Valadares,2013,192,MG,275568,"69,6742727747779",,
312770,Governador Valadares,2014,163,MG,276995,"58,8458275420134",,
312770,Governador Valadares,2015,193,MG,278363,"69,3339272820023",,
312770,Governador Valadares,2016,183,MG,279665,"65,4354316771852",,
312770,Governador Valadares,2017,246,MG,280901,"87,5753379304453",,
312770,Governador Valadares,2018,318,MG,278685,"114,107325474999",,
312770,Governador Valadares,2019,499,MG,279885,"178,287510941994",,
312770,Governador Valadares,2020,369,MG,281046,"131,295232808864",,
312770,Governador Valadares,2021,173,MG,282164,"61,311861187111",,
313670,Juiz de Fora,2010,NA,MG,516247,NA,,
313670,Juiz de Fora,2011,NA,MG,520811,NA,,
313670,Juiz de Fora,2012,6,MG,525225,"1,14236755676139",,
313670,Juiz de Fora,2013,12,MG,545942,"2,1980356887728",,
313670,Juiz de Fora,2014,58,MG,550710,"10,5318588730911",,
313670,Juiz de Fora,2015,93,MG,555284,"16,7481865135678",,
313670,Juiz de Fora,2016,217,MG,559636,"38,7752038825236",,
313670,Juiz de Fora,2017,471,MG,563769,"83,5448561378863",,
313670,Juiz de Fora,2018,958,MG,564310,"169,764845563609",,
313670,Juiz de Fora,2019,1086,MG,568873,"190,903769382621",,
313670,Juiz de Fora,2020,929,MG,573285,"162,048544790113",,
313670,Juiz de Fora,2021,365,MG,577532,"63,1999612142704",,
315460,Ribeirăo das Neves,2010,24,MG,296317,"8,09943405204561",,
315460,Ribeirăo das Neves,2011,49,MG,299729,"16,3481011180099",,
315460,Ribeirăo das Neves,2012,50,MG,303029,"16,5000709503051",,
315460,Ribeirăo das Neves,2013,24,MG,315819,"7,59928946643489",,
315460,Ribeirăo das Neves,2014,81,MG,319310,"25,3671980207322",,
315460,Ribeirăo das Neves,2015,64,MG,322659,"19,8351820342839",,
315460,Ribeirăo das Neves,2016,92,MG,325846,"28,2341965222835",,
315460,Ribeirăo das Neves,2017,74,MG,328871,"22,5012238841369",,
315460,Ribeirăo das Neves,2018,127,MG,331045,"38,3633644972738",,
315460,Ribeirăo das Neves,2019,94,MG,334858,"28,0716004993161",,
315460,Ribeirăo das Neves,2020,114,MG,338197,"33,7081641765007",,
315460,Ribeirăo das Neves,2021,10,MG,341415,"2,92898671704524",,
315670,Sabará,2010,NA,MG,126269,NA,,
315670,Sabará,2011,1,MG,127097,"0,786800632587709",,
315670,Sabará,2012,14,MG,127897,"10,9463083575064",,
315670,Sabará,2013,7,MG,132636,"5,27760185771585",,
315670,Sabará,2014,17,MG,133528,"12,7314121382781",,
315670,Sabará,2015,24,MG,134382,"17,8595347591195",,
315670,Sabará,2016,30,MG,135196,"22,1900056214681",,
315670,Sabará,2017,51,MG,135968,"37,5088256060249",,
315670,Sabará,2018,75,MG,135421,"55,3828431336351",,
315670,Sabará,2019,61,MG,136344,"44,7397758610573",,
315670,Sabará,2020,60,MG,137125,"43,7556973564266",,
315670,Sabará,2021,41,MG,137877,"29,736649332376",,
315780,Santa Luzia,2010,NA,MG,202942,NA,,
315780,Santa Luzia,2011,NA,MG,204327,NA,,
315780,Santa Luzia,2012,NA,MG,205666,NA,,
315780,Santa Luzia,2013,4,MG,213345,"1,8748974665448",,
315780,Santa Luzia,2014,25,MG,214830,"11,637108411302",,
315780,Santa Luzia,2015,20,MG,216254,"9,2483838449231",,
315780,Santa Luzia,2016,46,MG,217610,"21,1387344331602",,
315780,Santa Luzia,2017,66,MG,218897,"30,1511669872132",,
315780,Santa Luzia,2018,110,MG,218147,"50,424713610547",,
315780,Santa Luzia,2019,168,MG,219134,"76,6654193324632",,
315780,Santa Luzia,2020,148,MG,220444,"67,1372321315164",,
315780,Santa Luzia,2021,83,MG,221705,"37,4371349315532",,
316860,Teófilo Otoni,2010,NA,MG,134745,NA,,
316860,Teófilo Otoni,2011,1,MG,135154,"0,739896710419225",,
316860,Teófilo Otoni,2012,NA,MG,135549,NA,,
316860,Teófilo Otoni,2013,2,MG,140067,"1,42788808213212",,
316860,Teófilo Otoni,2014,7,MG,140567,"4,97983168168916",,
316860,Teófilo Otoni,2015,27,MG,141046,"19,1426910369667",,
316860,Teófilo Otoni,2016,47,MG,141502,"33,2150782321098",,
316860,Teófilo Otoni,2017,64,MG,141934,"45,0913805007961",,
316860,Teófilo Otoni,2018,145,MG,140235,"103,397867864656",,
316860,Teófilo Otoni,2019,94,MG,140592,"66,860134289291",,
316860,Teófilo Otoni,2020,73,MG,140937,"51,7961926250736",,
316860,Teófilo Otoni,2021,40,MG,141269,"28,314775357651",,
317120,Vespasiano,2010,NA,MG,104527,NA,,
317120,Vespasiano,2011,NA,MG,106685,NA,,
317120,Vespasiano,2012,1,MG,108771,"0,9193626977779",,
317120,Vespasiano,2013,NA,MG,114365,NA,,
317120,Vespasiano,2014,13,MG,116506,"11,1582236108012",,
317120,Vespasiano,2015,8,MG,118557,"6,74780907074234",,
317120,Vespasiano,2016,14,MG,120510,"11,6172931706912",,
317120,Vespasiano,2017,37,MG,122365,"30,237404486577",,
317120,Vespasiano,2018,64,MG,125376,"51,0464522715671",,
317120,Vespasiano,2019,108,MG,127601,"84,638835118847",,
317120,Vespasiano,2020,72,MG,129765,"55,4849150387239",,
317120,Vespasiano,2021,35,MG,131849,"26,5455179789001",,
320130,Cariacica,2010,NA,ES,348738,NA,,
320130,Cariacica,2011,15,ES,350615,"4,27819688262054",,
320130,Cariacica,2012,27,ES,352431,"7,66107408258638",,
320130,Cariacica,2013,35,ES,375974,"9,30915435641826",,
320130,Cariacica,2014,69,ES,378915,"18,2098887613317",,
320130,Cariacica,2015,55,ES,381802,"14,4053724181644",,
320130,Cariacica,2016,88,ES,384621,"22,879665956877",,
320130,Cariacica,2017,159,ES,387368,"41,0462402676525",,
320130,Cariacica,2018,229,ES,378603,"60,4855217734672",,
320130,Cariacica,2019,188,ES,381285,"49,3069488702677",,
320130,Cariacica,2020,209,ES,383917,"54,4388500639461",,
320130,Cariacica,2021,118,ES,386495,"30,5307959999483",,
320240,Guarapari,2010,1,ES,105286,"0,949793894724845",,
320240,Guarapari,2011,46,ES,106583,"43,1588527251063",,
320240,Guarapari,2012,41,ES,107836,"38,0206980971104",,
320240,Guarapari,2013,27,ES,116278,"23,2202136259654",,
320240,Guarapari,2014,47,ES,118056,"39,8116148268618",,
320240,Guarapari,2015,95,ES,119802,"79,297507554131",,
320240,Guarapari,2016,156,ES,121506,"128,388721544615",,
320240,Guarapari,2017,157,ES,123166,"127,470243411331",,
320240,Guarapari,2018,227,ES,122982,"184,579857214877",,
320240,Guarapari,2019,230,ES,124859,"184,20778638304",,
320240,Guarapari,2020,155,ES,126701,"122,335261757997",,
320240,Guarapari,2021,112,ES,128504,"87,1568200211667",,
320320,Linhares,2010,NA,ES,141306,NA,,
320320,Linhares,2011,12,ES,143509,"8,36184490171348",,
320320,Linhares,2012,39,ES,145639,"26,7785414621084",,
320320,Linhares,2013,62,ES,157814,"39,2867552942071",,
320320,Linhares,2014,148,ES,160765,"92,0598388952819",,
320320,Linhares,2015,169,ES,163662,"103,261600127091",,
320320,Linhares,2016,71,ES,166491,"42,6449477749548",,
320320,Linhares,2017,115,ES,169048,"68,0280157115139",,
320320,Linhares,2018,249,ES,170364,"146,157638937804",,
320320,Linhares,2019,305,ES,173555,"175,736798133157",,
320320,Linhares,2020,195,ES,176688,"110,364031513176",,
320320,Linhares,2021,124,ES,179755,"68,9827821201079",,
320490,Săo Mateus,2010,3,ES,109028,"2,75158674835822",,
320490,Săo Mateus,2011,30,ES,110454,"27,1606279537183",,
320490,Săo Mateus,2012,101,ES,111832,"90,3140424923099",,
320490,Săo Mateus,2013,90,ES,120725,"74,5495961896873",,
320490,Săo Mateus,2014,127,ES,122668,"103,531483353442",,
320490,Săo Mateus,2015,262,ES,124575,"210,315071242224",,
320490,Săo Mateus,2016,361,ES,126437,"285,517688651265",,
320490,Săo Mateus,2017,242,ES,128449,"188,401622433806",,
320490,Săo Mateus,2018,244,ES,128542,"189,821225747227",,
320490,Săo Mateus,2019,153,ES,130611,"117,141741507224",,
320490,Săo Mateus,2020,93,ES,132642,"70,1135386981499",,
320490,Săo Mateus,2021,92,ES,134629,"68,3359454500888",,
320500,Serra,2010,1,ES,409267,"0,244339269963129",,
320500,Serra,2011,86,ES,416029,"20,6716358715378",,
320500,Serra,2012,241,ES,422569,"57,0321059992569",,
320500,Serra,2013,188,ES,467318,"40,2295653067076",,
320500,Serra,2014,254,ES,476428,"53,3134072724525",,
320500,Serra,2015,6,ES,485376,"1,23615506329114",,
320500,Serra,2016,7,ES,494109,"1,4166914587672",,
320500,Serra,2017,290,ES,502618,"57,697893827917",,
320500,Serra,2018,450,ES,507598,"88,6528315714404",,
320500,Serra,2019,359,ES,517510,"69,3706401808661",,
320500,Serra,2020,353,ES,527240,"66,9524315302329",,
320500,Serra,2021,148,ES,536765,"27,5725876314588",,
320520,Vila Velha,2010,2,ES,414586,"0,48240895736952",,
320520,Vila Velha,2011,363,ES,419854,"86,4586260938326",,
320520,Vila Velha,2012,406,ES,424948,"95,5411014994776",,
320520,Vila Velha,2013,483,ES,458489,"105,346038836264",,
320520,Vila Velha,2014,468,ES,465690,"100,496038136958",,
320520,Vila Velha,2015,328,ES,472762,"69,379518658437",,
320520,Vila Velha,2016,937,ES,479664,"195,345074885753",,
320520,Vila Velha,2017,846,ES,486388,"173,935212217407",,
320520,Vila Velha,2018,736,ES,486208,"151,375542977491",,
320520,Vila Velha,2019,1153,ES,493838,"233,477375171615",,
320520,Vila Velha,2020,481,ES,501325,"95,9457437789857",,
320520,Vila Velha,2021,324,ES,508655,"63,6973980399288",,
320530,Vitória,2010,20,ES,327801,"6,10126265630672",,
320530,Vitória,2011,212,ES,330526,"64,1401886689701",,
320530,Vitória,2012,283,ES,333162,"84,9436610417755",,
320530,Vitória,2013,371,ES,348268,"106,527157246718",,
320530,Vitória,2014,659,ES,352104,"187,160611637471",,
320530,Vitória,2015,766,ES,355875,"215,24411661398",,
320530,Vitória,2016,753,ES,359555,"209,425539903492",,
320530,Vitória,2017,495,ES,363140,"136,311064603183",,
320530,Vitória,2018,760,ES,358267,"212,132292396453",,
320530,Vitória,2019,1217,ES,362097,"336,097785952383",,
320530,Vitória,2020,886,ES,365855,"242,1724453677",,
320530,Vitória,2021,490,ES,369534,"132,59943604648",,
330045,Belford Roxo,2010,9,RJ,469332,"1,91761908414513",,
330045,Belford Roxo,2011,19,RJ,472008,"4,02535550244911",,
330045,Belford Roxo,2012,2,RJ,474596,"0,421411052769092",,
330045,Belford Roxo,2013,1,RJ,477583,"0,209387687585195",,
330045,Belford Roxo,2014,13,RJ,479386,"2,71180218028895",,
330045,Belford Roxo,2015,67,RJ,481127,"13,9256370978972",,
330045,Belford Roxo,2016,31,RJ,494141,"6,27351302563438",,
330045,Belford Roxo,2017,71,RJ,495783,"14,3207814709258",,
330045,Belford Roxo,2018,189,RJ,508614,"37,1598107798842",,
330045,Belford Roxo,2019,427,RJ,510906,"83,5770180816041",,
330045,Belford Roxo,2020,286,RJ,513118,"55,7376665796172",,
330045,Belford Roxo,2021,100,RJ,515239,"19,4084686912287",,
330170,Duque de Caxias,2010,NA,RJ,855048,NA,,
330170,Duque de Caxias,2011,NA,RJ,861158,NA,,
330170,Duque de Caxias,2012,30,RJ,867067,"3,459940235299",,
330170,Duque de Caxias,2013,NA,RJ,873921,NA,,
330170,Duque de Caxias,2014,7,RJ,878402,"0,796901646398801",,
330170,Duque de Caxias,2015,14,RJ,882729,"1,5859907174229",,
330170,Duque de Caxias,2016,8,RJ,886917,"0,902000976416057",,
330170,Duque de Caxias,2017,225,RJ,890997,"25,2526102781491",,
330170,Duque de Caxias,2018,310,RJ,914383,"33,9026425469415",,
330170,Duque de Caxias,2019,398,RJ,919596,"43,2798750755767",,
330170,Duque de Caxias,2020,193,RJ,924624,"20,8733495994047",,
330170,Duque de Caxias,2021,69,RJ,929449,"7,42375321292508",,
330190,Itaboraí,2010,13,RJ,218008,"5,96308392352574",,
330190,Itaboraí,2011,14,RJ,220352,"6,35347081033982",,
330190,Itaboraí,2012,30,RJ,222618,"13,475999245344",,
330190,Itaboraí,2013,42,RJ,225263,"18,6448728819202",,
330190,Itaboraí,2014,81,RJ,227168,"35,6564304831666",,
330190,Itaboraí,2015,54,RJ,229007,"23,5800652381805",,
330190,Itaboraí,2016,78,RJ,230786,"33,7975440451327",,
330190,Itaboraí,2017,253,RJ,232394,"108,866838214412",,
330190,Itaboraí,2018,263,RJ,238695,"110,182450407424",,
330190,Itaboraí,2019,208,RJ,240592,"86,4534149098889",,
330190,Itaboraí,2020,203,RJ,242543,"83,6964991774654",,
330190,Itaboraí,2021,77,RJ,244416,"31,5036658811207",,
330250,Magé,2010,NA,RJ,227322,NA,,
330250,Magé,2011,2,RJ,228972,"0,873469245147878",,
330250,Magé,2012,11,RJ,230568,"4,77082682766039",,
330250,Magé,2013,33,RJ,232419,"14,1984949595343",,
330250,Magé,2014,27,RJ,233634,"11,5565371478466",,
330250,Magé,2015,53,RJ,234809,"22,5715368661338",,
330250,Magé,2016,33,RJ,236319,"13,9641755423813",,
330250,Magé,2017,207,RJ,237420,"87,1872630780895",,
330250,Magé,2018,520,RJ,243657,"213,414759272256",,
330250,Magé,2019,328,RJ,245071,"133,838765092565",,
330250,Magé,2020,346,RJ,246433,"140,403273912179",,
330250,Magé,2021,105,RJ,247741,"42,3829725398703",,
330270,Maricá,2010,NA,RJ,127461,NA,,
330270,Maricá,2011,NA,RJ,131355,NA,,
330270,Maricá,2012,2,RJ,135121,"1,48015482419461",,
330270,Maricá,2013,NA,RJ,139552,NA,,
330270,Maricá,2014,11,RJ,143111,"7,68634137138305",,
330270,Maricá,2015,20,RJ,146549,"13,6473125029854",,
330270,Maricá,2016,20,RJ,149876,"13,3443646747978",,
330270,Maricá,2017,64,RJ,153008,"41,8278782808742",,
330270,Maricá,2018,91,RJ,157789,"57,6719543187421",,
330270,Maricá,2019,128,RJ,161207,"79,4010185661913",,
330270,Maricá,2020,83,RJ,164504,"50,454700189661",,
330270,Maricá,2021,56,RJ,167668,"33,3993367845981",,
330285,Mesquita,2010,15,RJ,168376,"8,90863305934338",,
330285,Mesquita,2011,14,RJ,168966,"8,28569061231254",,
330285,Mesquita,2012,18,RJ,169537,"10,6171514182745",,
330285,Mesquita,2013,25,RJ,170185,"14,6898962893322",,
330285,Mesquita,2014,11,RJ,170473,"6,45263472808011",,
330285,Mesquita,2015,NA,RJ,170751,NA,,
330285,Mesquita,2016,42,RJ,171020,"24,5585311659455",,
330285,Mesquita,2017,64,RJ,171280,"37,3657169546941",,
330285,Mesquita,2018,227,RJ,175620,"129,256348935201",,
330285,Mesquita,2019,240,RJ,176103,"136,283879320625",,
330285,Mesquita,2020,157,RJ,176569,"88,9170805747328",,
330285,Mesquita,2021,91,RJ,177016,"51,4077823473584",,
330320,Nilópolis,2010,NA,RJ,157425,NA,,
330320,Nilópolis,2011,1,RJ,157710,"0,634075201318876",,
330320,Nilópolis,2012,NA,RJ,157986,NA,,
330320,Nilópolis,2013,1,RJ,158288,"0,631759830182958",,
330320,Nilópolis,2014,NA,RJ,158299,NA,,
330320,Nilópolis,2015,1,RJ,158309,"0,631676025999785",,
330320,Nilópolis,2016,11,RJ,158319,"6,94799739765916",,
330320,Nilópolis,2017,8,RJ,158329,"5,05276986528052",,
330320,Nilópolis,2018,21,RJ,162269,"12,941473725727",,
330320,Nilópolis,2019,95,RJ,162485,"58,4669354094224",,
330320,Nilópolis,2020,99,RJ,162693,"60,850804890192",,
330320,Nilópolis,2021,28,RJ,162893,"17,1891978169719",,
330330,Niterói,2010,NA,RJ,487562,NA,,
330330,Niterói,2011,NA,RJ,489720,NA,,
330330,Niterói,2012,1,RJ,491807,"0,203331794789419",,
330330,Niterói,2013,159,RJ,494200,"32,1732092270336",,
330330,Niterói,2014,314,RJ,495470,"63,374169980019",,
330330,Niterói,2015,513,RJ,496696,"103,282490698536",,
330330,Niterói,2016,608,RJ,497883,"122,117043562443",,
330330,Niterói,2017,558,RJ,499028,"111,81737297306",,
330330,Niterói,2018,756,RJ,511786,"147,717991504262",,
330330,Niterói,2019,724,RJ,513584,"140,970123679865",,
330330,Niterói,2020,518,RJ,515317,"100,520650395776",,
330330,Niterói,2021,172,RJ,516981,"33,2700814923566",,
330350,Nova Iguaçu,2010,NA,RJ,796257,NA,,
330350,Nova Iguaçu,2011,NA,RJ,799047,NA,,
330350,Nova Iguaçu,2012,6,RJ,801746,"0,74836668969973",,
330350,Nova Iguaçu,2013,9,RJ,804815,"1,11826941595273",,
330350,Nova Iguaçu,2014,16,RJ,806177,"1,98467582181084",,
330350,Nova Iguaçu,2015,6,RJ,807492,"0,743041417128591",,
330350,Nova Iguaçu,2016,335,RJ,797435,"42,009693580041",,
330350,Nova Iguaçu,2017,1066,RJ,798647,"133,475740846707",,
330350,Nova Iguaçu,2018,1908,RJ,818875,"233,00259502366",,
330350,Nova Iguaçu,2019,1919,RJ,821128,"233,702906246042",,
330350,Nova Iguaçu,2020,1119,RJ,823302,"135,916103689776",,
330350,Nova Iguaçu,2021,538,RJ,825388,"65,1814661710614",,
330414,Queimados,2010,NA,RJ,137962,NA,,
330414,Queimados,2011,NA,RJ,139188,NA,,
330414,Queimados,2012,NA,RJ,140374,NA,,
330414,Queimados,2013,NA,RJ,141753,NA,,
330414,Queimados,2014,NA,RJ,142709,NA,,
330414,Queimados,2015,NA,RJ,143632,NA,,
330414,Queimados,2016,NA,RJ,144525,NA,,
330414,Queimados,2017,NA,RJ,145386,NA,,
330414,Queimados,2018,NA,RJ,149265,NA,,
330414,Queimados,2019,1,RJ,150319,"0,665251897631038",,
330414,Queimados,2020,38,RJ,151335,"25,1098556183302",,
330414,Queimados,2021,41,RJ,152311,"26,9186073231743",,
330420,Resende,2010,1,RJ,119769,"0,834940593976739",,
330420,Resende,2011,1,RJ,120938,"0,826869966429079",,
330420,Resende,2012,4,RJ,122068,"3,27686207687518",,
330420,Resende,2013,4,RJ,123385,"3,24188515621834",,
330420,Resende,2014,4,RJ,124316,"3,21760674410374",,
330420,Resende,2015,10,RJ,125214,"7,9863274074784",,
330420,Resende,2016,8,RJ,126084,"6,34497636496304",,
330420,Resende,2017,1,RJ,126923,"0,787879265381373",,
330420,Resende,2018,4,RJ,130334,"3,06903801003575",,
330420,Resende,2019,4,RJ,131341,"3,04550749575532",,
330420,Resende,2020,19,RJ,132312,"14,3599975814741",,
330420,Resende,2021,26,RJ,133244,"19,5130737594188",,
330455,Rio de Janeiro,2010,880,RJ,6320446,"13,9230680872837",,
330455,Rio de Janeiro,2011,1290,RJ,6355949,"20,2959463645791",,
330455,Rio de Janeiro,2012,1408,RJ,6390290,"22,0334288428225",,
330455,Rio de Janeiro,2013,2592,RJ,6429923,"40,3115247258793",,
330455,Rio de Janeiro,2014,2019,RJ,6453682,"31,2844667586658",,
330455,Rio de Janeiro,2015,2501,RJ,6476631,"38,6157556297402",,
330455,Rio de Janeiro,2016,4531,RJ,6498837,"69,7201668544695",,
330455,Rio de Janeiro,2017,7309,RJ,6520266,"112,096653725477",,
330455,Rio de Janeiro,2018,8334,RJ,6688927,"124,593974489481",,
330455,Rio de Janeiro,2019,8493,RJ,6718903,"126,40456336399",,
330455,Rio de Janeiro,2020,7954,RJ,6747815,"117,875193673804",,
330455,Rio de Janeiro,2021,3533,RJ,6775561,"52,1432837812249",,
330490,Săo Gonçalo,2010,1,RJ,999728,"0,100027207400413",,
330490,Săo Gonçalo,2011,2,RJ,1008065,"0,198399904768046",,
330490,Săo Gonçalo,2012,31,RJ,1016128,"3,05079675001575",,
330490,Săo Gonçalo,2013,12,RJ,1025507,"1,17015290973148",,
330490,Săo Gonçalo,2014,103,RJ,1031903,"9,98155834414669",,
330490,Săo Gonçalo,2015,223,RJ,1038081,"21,4819460138467",,
330490,Săo Gonçalo,2016,364,RJ,1044058,"34,8639634962809",,
330490,Săo Gonçalo,2017,415,RJ,1049826,"39,5303602692256",,
330490,Săo Gonçalo,2018,764,RJ,1077687,"70,8925689926667",,
330490,Săo Gonçalo,2019,1163,RJ,1084839,"107,204847908307",,
330490,Săo Gonçalo,2020,608,RJ,1091737,"55,6910684532997",,
330490,Săo Gonçalo,2021,136,RJ,1098357,"12,3821307644054",,
330510,Săo Joăo de Meriti,2010,1,RJ,458673,"0,218020245359984",,
330510,Săo Joăo de Meriti,2011,NA,RJ,459379,NA,,
330510,Săo Joăo de Meriti,2012,NA,RJ,460062,NA,,
330510,Săo Joăo de Meriti,2013,1,RJ,460799,"0,217014359840191",,
330510,Săo Joăo de Meriti,2014,21,RJ,460711,"4,55817204277736",,
330510,Săo Joăo de Meriti,2015,44,RJ,460625,"9,55223880597015",,
330510,Săo Joăo de Meriti,2016,56,RJ,460541,"12,159612282077",,
330510,Săo Joăo de Meriti,2017,262,RJ,460461,"56,8994985460224",,
330510,Săo Joăo de Meriti,2018,493,RJ,471888,"104,473942969518",,
330510,Săo Joăo de Meriti,2019,290,RJ,472406,"61,3878739897461",,
330510,Săo Joăo de Meriti,2020,153,RJ,472906,"32,3531526349845",,
330510,Săo Joăo de Meriti,2021,21,RJ,473385,"4,43613549225261",,
350600,Bauru,2010,NA,SP,343937,NA,,
350600,Bauru,2011,14,SP,346077,"4,04534251048177",,
350600,Bauru,2012,131,SP,348146,"37,6278917465661",,
350600,Bauru,2013,317,SP,362062,"87,5540653258282",,
350600,Bauru,2014,442,SP,364562,"121,241380067039",,
350600,Bauru,2015,498,SP,366992,"135,697780878057",,
350600,Bauru,2016,427,SP,369368,"115,602867600875",,
350600,Bauru,2017,329,SP,371690,"88,5146224003874",,
350600,Bauru,2018,337,SP,374272,"90,0414671682627",,
350600,Bauru,2019,384,SP,376818,"101,905959906374",,
350600,Bauru,2020,271,SP,379297,"71,4479682148817",,
350600,Bauru,2021,132,SP,381706,"34,5815889716169",,
350750,Botucatu,2010,NA,SP,127328,NA,,
350750,Botucatu,2011,193,SP,128789,"149,857518887483",,
350750,Botucatu,2012,209,SP,130201,"160,521040545004",,
350750,Botucatu,2013,416,SP,136269,"305,278529966463",,
350750,Botucatu,2014,390,SP,137899,"282,815683942596",,
350750,Botucatu,2015,431,SP,139483,"308,998229174882",,
350750,Botucatu,2016,358,SP,141032,"253,843099438425",,
350750,Botucatu,2017,294,SP,142546,"206,249210781081",,
350750,Botucatu,2018,243,SP,144820,"167,794503521613",,
350750,Botucatu,2019,205,SP,146497,"139,93460616941",,
350750,Botucatu,2020,95,SP,148130,"64,1328562748937",,
350750,Botucatu,2021,50,SP,149718,"33,3961180352396",,
351350,Cubatăo,2010,3,SP,118720,"2,52695417789757",,
351350,Cubatăo,2011,13,SP,119520,"10,8768406961178",,
351350,Cubatăo,2012,24,SP,120293,"19,9512856109666",,
351350,Cubatăo,2013,11,SP,125178,"8,78748661905447",,
351350,Cubatăo,2014,21,SP,126105,"16,6527893422148",,
351350,Cubatăo,2015,49,SP,127006,"38,5808544478214",,
351350,Cubatăo,2016,106,SP,127887,"82,8856725077608",,
351350,Cubatăo,2017,329,SP,128748,"255,537950104079",,
351350,Cubatăo,2018,119,SP,129760,"91,7077681874229",,
351350,Cubatăo,2019,139,SP,130705,"106,346352473127",,
351350,Cubatăo,2020,116,SP,131626,"88,1284852536733",,
351350,Cubatăo,2021,43,SP,132521,"32,447687536315",,
351870,Guarujá,2010,NA,SP,290752,NA,,
351870,Guarujá,2011,59,SP,292744,"20,1541278386577",,
351870,Guarujá,2012,52,SP,294669,"17,6469190854824",,
351870,Guarujá,2013,54,SP,306683,"17,6077578476799",,
351870,Guarujá,2014,144,SP,308989,"46,6036007754321",,
351870,Guarujá,2015,317,SP,311230,"101,853934389358",,
351870,Guarujá,2016,393,SP,313421,"125,390449267918",,
351870,Guarujá,2017,276,SP,315563,"87,4627253511977",,
351870,Guarujá,2018,410,SP,318107,"128,887449820343",,
351870,Guarujá,2019,242,SP,320459,"75,5166807610334",,
351870,Guarujá,2020,177,SP,322750,"54,8412083656081",,
351870,Guarujá,2021,123,SP,324977,"37,8488323789068",,
352230,Itapetininga,2010,NA,SP,144377,NA,,
352230,Itapetininga,2011,NA,SP,145822,NA,,
352230,Itapetininga,2012,1,SP,147219,"0,679260149844789",,
352230,Itapetininga,2013,2,SP,153810,"1,30030557180938",,
352230,Itapetininga,2014,3,SP,155436,"1,93005481355671",,
352230,Itapetininga,2015,44,SP,157016,"28,0226218984053",,
352230,Itapetininga,2016,44,SP,158561,"27,7495727196473",,
352230,Itapetininga,2017,51,SP,160070,"31,8610607859062",,
352230,Itapetininga,2018,41,SP,162231,"25,2726051124631",,
352230,Itapetininga,2019,30,SP,163901,"18,3037321309815",,
352230,Itapetininga,2020,38,SP,165526,"22,957118519145",,
352230,Itapetininga,2021,9,SP,167106,"5,38580302323076",,
352310,Itaquaquecetuba,2010,NA,SP,321770,NA,,
352310,Itaquaquecetuba,2011,20,SP,325518,"6,14405347784147",,
352310,Itaquaquecetuba,2012,34,SP,329144,"10,3298252436624",,
352310,Itaquaquecetuba,2013,69,SP,344558,"20,0256560579061",,
352310,Itaquaquecetuba,2014,83,SP,348739,"23,8000338361927",,
352310,Itaquaquecetuba,2015,80,SP,352801,"22,6756726880026",,
352310,Itaquaquecetuba,2016,184,SP,356774,"51,5732648679556",,
352310,Itaquaquecetuba,2017,159,SP,360657,"44,086209334631",,
352310,Itaquaquecetuba,2018,235,SP,366519,"64,1167306469787",,
352310,Itaquaquecetuba,2019,201,SP,370821,"54,2040499324472",,
352310,Itaquaquecetuba,2020,164,SP,375011,"43,7320505265179",,
352310,Itaquaquecetuba,2021,69,SP,379082,"18,2018666146111",,
353470,Ourinhos,2010,NA,SP,103035,NA,,
353470,Ourinhos,2011,13,SP,103739,"12,5314491174968",,
353470,Ourinhos,2012,24,SP,104420,"22,9841026623252",,
353470,Ourinhos,2013,13,SP,108674,"11,962382906675",,
353470,Ourinhos,2014,NA,SP,109489,NA,,
353470,Ourinhos,2015,NA,SP,110282,NA,,
353470,Ourinhos,2016,NA,SP,111056,NA,,
353470,Ourinhos,2017,74,SP,111813,"66,181928756048",,
353470,Ourinhos,2018,58,SP,112711,"51,4590412648277",,
353470,Ourinhos,2019,23,SP,113542,"20,2568212643779",,
353470,Ourinhos,2020,14,SP,114352,"12,2428991185113",,
353470,Ourinhos,2021,14,SP,115139,"12,159216251661",,
354100,Praia Grande,2010,4,SP,262051,"1,52642042961103",,
354100,Praia Grande,2011,39,SP,267307,"14,5899658445159",,
354100,Praia Grande,2012,59,SP,272390,"21,6601196813393",,
354100,Praia Grande,2013,92,SP,287967,"31,9481051648279",,
354100,Praia Grande,2014,110,SP,293695,"37,4538211409796",,
354100,Praia Grande,2015,120,SP,299261,"40,0987766531556",,
354100,Praia Grande,2016,165,SP,304705,"54,1507359577296",,
354100,Praia Grande,2017,249,SP,310024,"80,3163626041855",,
354100,Praia Grande,2018,187,SP,319146,"58,5938723969594",,
354100,Praia Grande,2019,259,SP,325073,"79,6744115937036",,
354100,Praia Grande,2020,145,SP,330845,"43,8271698227267",,
354100,Praia Grande,2021,3,SP,336454,"0,891652350692814",,
355030,Săo Paulo,2010,91,SP,11253503,"0,808637097266513",,
355030,Săo Paulo,2011,5100,SP,11316119,"45,0684550065265",,
355030,Săo Paulo,2012,8337,SP,11376685,"73,2814523738681",,
355030,Săo Paulo,2013,10316,SP,11821873,"87,2619761690893",,
355030,Săo Paulo,2014,11771,SP,11895893,"98,9501166495025",,
355030,Săo Paulo,2015,13819,SP,11967825,"115,467931725272",,
355030,Săo Paulo,2016,14442,SP,12038175,"119,968350684385",,
355030,Săo Paulo,2017,16101,SP,12106920,"132,990058578069",,
355030,Săo Paulo,2018,16048,SP,12176866,"131,790889379911",,
355030,Săo Paulo,2019,16172,SP,12252023,"131,994528577036",,
355030,Săo Paulo,2020,12643,SP,12325232,"102,578190820262",,
355030,Săo Paulo,2021,7328,SP,12396372,"59,1140698262363",,
410040,Almirante Tamandaré,2010,NA,PR,103204,NA,,
410040,Almirante Tamandaré,2011,NA,PR,104350,NA,,
410040,Almirante Tamandaré,2012,NA,PR,105458,NA,,
410040,Almirante Tamandaré,2013,3,PR,110256,"2,72094035698737",,
410040,Almirante Tamandaré,2014,1,PR,111586,"0,896169770401305",,
410040,Almirante Tamandaré,2015,23,PR,112870,"20,3774253566049",,
410040,Almirante Tamandaré,2016,15,PR,114129,"13,1430223694241",,
410040,Almirante Tamandaré,2017,36,PR,115364,"31,2055753961374",,
410040,Almirante Tamandaré,2018,75,PR,117168,"64,0106513723884",,
410040,Almirante Tamandaré,2019,69,PR,118623,"58,1674717381958",,
410040,Almirante Tamandaré,2020,99,PR,120041,"82,4718221274398",,
410040,Almirante Tamandaré,2021,11,PR,121420,"9,05946302091912",,
410690,Curitiba,2010,8,PR,1751907,"0,456645244296644",,
410690,Curitiba,2011,198,PR,1764541,"11,2210484199574",,
410690,Curitiba,2012,189,PR,1776761,"10,6373338901518",,
410690,Curitiba,2013,239,PR,1848946,"12,9262834068707",,
410690,Curitiba,2014,522,PR,1864416,"27,998043355131",,
410690,Curitiba,2015,1286,PR,1879355,"68,4277318548119",,
410690,Curitiba,2016,1959,PR,1893997,"103,432054010645",,
410690,Curitiba,2017,2181,PR,1908359,"114,286672476196",,
410690,Curitiba,2018,3366,PR,1917185,"175,569911093609",,
410690,Curitiba,2019,4076,PR,1933105,"210,852488612879",,
410690,Curitiba,2020,2441,PR,1948626,"125,267752765282",,
410690,Curitiba,2021,816,PR,1963726,"41,5536587079868",,
420540,Florianópolis,2010,NA,SC,421240,NA,,
420540,Florianópolis,2011,3,SC,427298,"0,702086131926665",,
420540,Florianópolis,2012,76,SC,433158,"17,5455607422696",,
420540,Florianópolis,2013,596,SC,453285,"131,484606814697",,
420540,Florianópolis,2014,608,SC,461524,"131,737461107115",,
420540,Florianópolis,2015,633,SC,469690,"134,769741744555",,
420540,Florianópolis,2016,1379,SC,477798,"288,615691149816",,
420540,Florianópolis,2017,1656,SC,485838,"340,854358860361",,
420540,Florianópolis,2018,1897,SC,492977,"384,80497061729",,
420540,Florianópolis,2019,814,SC,500973,"162,483806512527",,
420540,Florianópolis,2020,185,SC,508826,"36,3582049659412",,
420540,Florianópolis,2021,78,SC,516524,"15,100944002602",,
421190,Palhoça,2010,NA,SC,137334,NA,,
421190,Palhoça,2011,NA,SC,139990,NA,,
421190,Palhoça,2012,1,SC,142558,"0,70146887582598",,
421190,Palhoça,2013,2,SC,150623,"1,32781846066006",,
421190,Palhoça,2014,6,SC,154244,"3,8899406135733",,
421190,Palhoça,2015,44,SC,157833,"27,8775667952836",,
421190,Palhoça,2016,94,SC,161395,"58,2422008116732",,
421190,Palhoça,2017,190,SC,164926,"115,203182033154",,
421190,Palhoça,2018,328,SC,168259,"194,937566489757",,
421190,Palhoça,2019,316,SC,171797,"183,938019872291",,
421190,Palhoça,2020,351,SC,175272,"200,260167054635",,
421190,Palhoça,2021,177,SC,178679,"99,0603260595817",,
421660,Săo José,2010,NA,SC,209804,NA,,
421660,Săo José,2011,NA,SC,212587,NA,,
421660,Săo José,2012,NA,SC,215278,NA,,
421660,Săo José,2013,7,SC,224779,"3,11416991800835",,
421660,Săo José,2014,110,SC,228561,"48,1271958033085",,
421660,Săo José,2015,246,SC,232309,"105,893443646178",,
421660,Săo José,2016,301,SC,236029,"127,526702227269",,
421660,Săo José,2017,351,SC,239718,"146,422045903937",,
421660,Săo José,2018,542,SC,242927,"223,112292993368",,
421660,Săo José,2019,487,SC,246586,"197,497019295499",,
421660,Săo José,2020,471,SC,250181,"188,263697083312",,
421660,Săo José,2021,206,SC,253705,"81,1966654184979",,
430060,Alvorada,2010,NA,RS,195673,NA,,
430060,Alvorada,2011,NA,RS,196572,NA,,
430060,Alvorada,2012,33,RS,197441,"16,7138537588444",,
430060,Alvorada,2013,111,RS,204750,"54,2124542124542",,
430060,Alvorada,2014,178,RS,205683,"86,540939212283",,
430060,Alvorada,2015,262,RS,206561,"126,839045124685",,
430060,Alvorada,2016,328,RS,207392,"158,154605770714",,
430060,Alvorada,2017,542,RS,208177,"260,355370670151",,
430060,Alvorada,2018,467,RS,209213,"223,217486485065",,
430060,Alvorada,2019,234,RS,210305,"111,266969401583",,
430060,Alvorada,2020,172,RS,211352,"81,380824406677",,
430060,Alvorada,2021,98,RS,212352,"46,1497890295359",,
430210,Bento Gonçalves,2010,6,RS,107278,"5,59294543149574",,
430210,Bento Gonçalves,2011,24,RS,108481,"22,1236898627409",,
430210,Bento Gonçalves,2012,23,RS,107075,"21,4802708381975",,
430210,Bento Gonçalves,2013,21,RS,111384,"18,8536953242836",,
430210,Bento Gonçalves,2014,90,RS,112318,"80,1296319378906",,
430210,Bento Gonçalves,2015,198,RS,113287,"174,777335440077",,
430210,Bento Gonçalves,2016,224,RS,114203,"196,141957741916",,
430210,Bento Gonçalves,2017,243,RS,115069,"211,177641241342",,
430210,Bento Gonçalves,2018,282,RS,119049,"236,877252223874",,
430210,Bento Gonçalves,2019,355,RS,120454,"294,718315705581",,
430210,Bento Gonçalves,2020,240,RS,121803,"197,039481786163",,
430210,Bento Gonçalves,2021,156,RS,123090,"126,736534243237",,
430460,Canoas,2010,12,RS,323827,"3,70568235508466",,
430460,Canoas,2011,7,RS,325189,"2,15259433744684",,
430460,Canoas,2012,69,RS,326505,"21,1329076124408",,
430460,Canoas,2013,161,RS,338531,"47,5584215330354",,
430460,Canoas,2014,421,RS,339979,"123,831177808041",,
430460,Canoas,2015,788,RS,341343,"230,85283717551",,
430460,Canoas,2016,734,RS,342634,"214,222756644116",,
430460,Canoas,2017,1019,RS,343853,"296,347567128977",,
430460,Canoas,2018,640,RS,344957,"185,530370451969",,
430460,Canoas,2019,674,RS,346616,"194,451496757218",,
430460,Canoas,2020,501,RS,348208,"143,879520286725",,
430460,Canoas,2021,144,RS,349728,"41,1748558880044",,
430510,Caxias do Sul,2010,11,RS,435564,"2,52546124105757",,
430510,Caxias do Sul,2011,58,RS,441332,"13,1420336617331",,
430510,Caxias do Sul,2012,304,RS,446911,"68,022492174057",,
430510,Caxias do Sul,2013,607,RS,465304,"130,452349431769",,
430510,Caxias do Sul,2014,737,RS,470223,"156,734145288512",,
430510,Caxias do Sul,2015,1015,RS,474853,"213,750360637924",,
430510,Caxias do Sul,2016,891,RS,479236,"185,920924137586",,
430510,Caxias do Sul,2017,1113,RS,483377,"230,255059715295",,
430510,Caxias do Sul,2018,1586,RS,504069,"314,639464041629",,
430510,Caxias do Sul,2019,1589,RS,510906,"311,016116467609",,
430510,Caxias do Sul,2020,1344,RS,517451,"259,734738168445",,
430510,Caxias do Sul,2021,692,RS,523716,"132,132682598966",,
431410,Passo Fundo,2010,1,RS,184826,"0,541049419453973",,
431410,Passo Fundo,2011,88,RS,186083,"47,2907251065385",,
431410,Passo Fundo,2012,199,RS,187298,"106,247797627311",,
431410,Passo Fundo,2013,306,RS,194432,"157,381500987492",,
431410,Passo Fundo,2014,456,RS,195620,"233,104999488805",,
431410,Passo Fundo,2015,551,RS,196739,"280,066484021978",,
431410,Passo Fundo,2016,841,RS,197798,"425,181245513099",,
431410,Passo Fundo,2017,906,RS,198799,"455,736698876755",,
431410,Passo Fundo,2018,827,RS,201767,"409,878721495587",,
431410,Passo Fundo,2019,651,RS,203275,"320,255811093346",,
431410,Passo Fundo,2020,607,RS,204722,"296,49964341888",,
431410,Passo Fundo,2021,242,RS,206103,"117,417019645517",,
431490,Porto Alegre,2010,55,RS,1409351,"3,90250547947247",,
431490,Porto Alegre,2011,390,RS,1413094,"27,599013229127",,
431490,Porto Alegre,2012,1273,RS,1416714,"89,8558212878534",,
431490,Porto Alegre,2013,938,RS,1467816,"63,9044675899432",,
431490,Porto Alegre,2014,1432,RS,1472482,"97,2507643556933",,
431490,Porto Alegre,2015,2923,RS,1476867,"197,918973069342",,
431490,Porto Alegre,2016,2009,RS,1481019,"135,649846490828",,
431490,Porto Alegre,2017,1869,RS,1484941,"125,863586499396",,
431490,Porto Alegre,2018,2918,RS,1479101,"197,281997645867",,
431490,Porto Alegre,2019,2324,RS,1483771,"156,627943260786",,
431490,Porto Alegre,2020,2100,RS,1488252,"141,105135420614",,
431490,Porto Alegre,2021,754,RS,1492530,"50,5182475394129",,
431560,Rio Grande,2010,NA,RS,197228,NA,,
431560,Rio Grande,2011,4,RS,198049,"2,01970219491136",,
431560,Rio Grande,2012,40,RS,198842,"20,116474386699",,
431560,Rio Grande,2013,100,RS,206161,"48,5057794636231",,
431560,Rio Grande,2014,319,RS,207036,"154,079483761278",,
431560,Rio Grande,2015,484,RS,207860,"232,849033002983",,
431560,Rio Grande,2016,355,RS,208641,"170,148724363859",,
431560,Rio Grande,2017,334,RS,209378,"159,520102398533",,
431560,Rio Grande,2018,542,RS,210005,"258,089093116831",,
431560,Rio Grande,2019,517,RS,211005,"245,017890571313",,
431560,Rio Grande,2020,313,RS,211965,"147,665888236265",,
431560,Rio Grande,2021,131,RS,212881,"61,5367270916615",,
431680,Santa Cruz do Sul,2010,NA,RS,118374,NA,,
431680,Santa Cruz do Sul,2011,10,RS,119199,"8,38933212526951",,
431680,Santa Cruz do Sul,2012,6,RS,119997,"5,00012500312508",,
431680,Santa Cruz do Sul,2013,12,RS,124577,"9,63259670725736",,
431680,Santa Cruz do Sul,2014,35,RS,125353,"27,9211506705065",,
431680,Santa Cruz do Sul,2015,85,RS,126084,"67,4153738777323",,
431680,Santa Cruz do Sul,2016,158,RS,126775,"124,630250443699",,
431680,Santa Cruz do Sul,2017,213,RS,127429,"167,151904197632",,
431680,Santa Cruz do Sul,2018,226,RS,129427,"174,615806593678",,
431680,Santa Cruz do Sul,2019,189,RS,130416,"144,920868605079",,
431680,Santa Cruz do Sul,2020,275,RS,131365,"209,340387470026",,
431680,Santa Cruz do Sul,2021,147,RS,132271,"111,135471872141",,
431690,Santa Maria,2010,NA,RS,261031,NA,,
431690,Santa Maria,2011,9,RS,262369,"3,43028330328659",,
431690,Santa Maria,2012,25,RS,263662,"9,48183659382088",,
431690,Santa Maria,2013,110,RS,273489,"40,2209960912505",,
431690,Santa Maria,2014,156,RS,274838,"56,7607099454952",,
431690,Santa Maria,2015,222,RS,276108,"80,4033204398279",,
431690,Santa Maria,2016,300,RS,277309,"108,182568903281",,
431690,Santa Maria,2017,359,RS,278445,"128,930309396829",,
431690,Santa Maria,2018,470,RS,280505,"167,554945544643",,
431690,Santa Maria,2019,564,RS,282123,"199,912803989749",,
431690,Santa Maria,2020,107,RS,283677,"37,7189550086895",,
431690,Santa Maria,2021,204,RS,285159,"71,5390361166928",,
431870,Săo Leopoldo,2010,1,RS,214087,"0,467099823903366",,
431870,Săo Leopoldo,2011,4,RS,215664,"1,85473699829364",,
431870,Săo Leopoldo,2012,23,RS,217189,"10,5898549189876",,
431870,Săo Leopoldo,2013,129,RS,225520,"57,20113515431",,
431870,Săo Leopoldo,2014,147,RS,226988,"64,7611327471056",,
431870,Săo Leopoldo,2015,133,RS,228370,"58,2388229627359",,
431870,Săo Leopoldo,2016,95,RS,229678,"41,3622549830633",,
431870,Săo Leopoldo,2017,282,RS,230914,"122,123387927973",,
431870,Săo Leopoldo,2018,318,RS,234947,"135,349674607465",,
431870,Săo Leopoldo,2019,224,RS,236835,"94,5806151962337",,
431870,Săo Leopoldo,2020,192,RS,238648,"80,4532198049009",,
431870,Săo Leopoldo,2021,68,RS,240378,"28,2887785071845",,
432000,Sapucaia do Sul,2010,NA,RS,130957,NA,,
432000,Sapucaia do Sul,2011,NA,RS,131587,NA,,
432000,Sapucaia do Sul,2012,2,RS,132197,"1,51289363601292",,
432000,Sapucaia do Sul,2013,7,RS,137104,"5,10561325708951",,
432000,Sapucaia do Sul,2014,95,RS,137750,"68,9655172413793",,
432000,Sapucaia do Sul,2015,84,RS,138357,"60,7125046076454",,
432000,Sapucaia do Sul,2016,145,RS,138933,"104,366853087459",,
432000,Sapucaia do Sul,2017,85,RS,139476,"60,9423843528636",,
432000,Sapucaia do Sul,2018,126,RS,140311,"89,8005145712025",,
432000,Sapucaia do Sul,2019,185,RS,141075,"131,135920609605",,
432000,Sapucaia do Sul,2020,64,RS,141808,"45,1314453345368",,
432000,Sapucaia do Sul,2021,54,RS,142508,"37,8926095377102",,
432300,Viamăo,2010,NA,RS,239384,NA,,
432300,Viamăo,2011,4,RS,240302,"1,6645720801325",,
432300,Viamăo,2012,16,RS,241190,"6,63377420291057",,
432300,Viamăo,2013,31,RS,250028,"12,3986113555282",,
432300,Viamăo,2014,7,RS,251033,"2,78847800886736",,
432300,Viamăo,2015,23,RS,251978,"9,12778099675369",,
432300,Viamăo,2016,71,RS,252872,"28,0774462969407",,
432300,Viamăo,2017,49,RS,253717,"19,312856450297",,
432300,Viamăo,2018,191,RS,254101,"75,166961168984",,
432300,Viamăo,2019,579,RS,255224,"226,859542989687",,
432300,Viamăo,2020,482,RS,256302,"188,059398678122",,
432300,Viamăo,2021,281,RS,257330,"109,198305677535",,
500270,Campo Grande,2010,120,MS,786797,"15,2517104157743",,
500270,Campo Grande,2011,225,MS,796252,"28,25738585272",,
500270,Campo Grande,2012,488,MS,805397,"60,5912363716279",,
500270,Campo Grande,2013,623,MS,832352,"74,848141171043",,
500270,Campo Grande,2014,613,MS,843120,"72,7061391023816",,
500270,Campo Grande,2015,535,MS,853622,"62,6741110233804",,
500270,Campo Grande,2016,570,MS,863982,"65,9735966721529",,
500270,Campo Grande,2017,1615,MS,874210,"184,738220793631",,
500270,Campo Grande,2018,2524,MS,885711,"284,968799077803",,
500270,Campo Grande,2019,1786,MS,895982,"199,334361627801",,
500270,Campo Grande,2020,1137,MS,906092,"125,483946442525",,
500270,Campo Grande,2021,417,MS,916001,"45,5239677685941",,
500370,Dourados,2010,17,MS,196035,"8,67192083046395",,
500370,Dourados,2011,25,MS,198422,"12,5994093396902",,
500370,Dourados,2012,21,MS,200729,"10,4618664966198",,
500370,Dourados,2013,21,MS,207498,"10,1205794754648",,
500370,Dourados,2014,35,MS,210218,"16,6493830214349",,
500370,Dourados,2015,28,MS,212870,"13,1535679052943",,
500370,Dourados,2016,34,MS,215486,"15,7782872205155",,
500370,Dourados,2017,202,MS,218069,"92,631231399236",,
500370,Dourados,2018,447,MS,220965,"202,294481026407",,
500370,Dourados,2019,259,MS,222949,"116,170065799802",,
500370,Dourados,2020,246,MS,225495,"109,093328011708",,
500370,Dourados,2021,80,MS,227990,"35,0892583008027",,
510340,Cuiabá,2010,5,MT,551098,"0,907279648991649",,
510340,Cuiabá,2011,31,MT,556299,"5,572542823194",,
510340,Cuiabá,2012,20,MT,561329,"3,56297287330603",,
510340,Cuiabá,2013,69,MT,569830,"12,1088745766281",,
510340,Cuiabá,2014,136,MT,575480,"23,6324459581567",,
510340,Cuiabá,2015,298,MT,580489,"51,3360287619576",,
510340,Cuiabá,2016,364,MT,585367,"62,1832115578774",,
510340,Cuiabá,2017,247,MT,590118,"41,8560355725465",,
510340,Cuiabá,2018,831,MT,607153,"136,868301729548",,
510340,Cuiabá,2019,910,MT,612547,"148,560028863091",,
510340,Cuiabá,2020,612,MT,618124,"99,0092602778731",,
510340,Cuiabá,2021,53,MT,623614,"8,49884704320301",,
520870,Goiânia,2010,1,GO,1302001,"0,076804856524688",,
520870,Goiânia,2011,NA,GO,1318149,NA,,
520870,Goiânia,2012,NA,GO,1333767,NA,,
520870,Goiânia,2013,12,GO,1393575,"0,861094666594909",,
520870,Goiânia,2014,41,GO,1412364,"2,90293437102617",,
520870,Goiânia,2015,250,GO,1430697,"17,4740004347531",,
520870,Goiânia,2016,632,GO,1448639,"43,627156248037",,
520870,Goiânia,2017,649,GO,1466105,"44,2669522305701",,
520870,Goiânia,2018,1643,GO,1495705,"109,847864385022",,
520870,Goiânia,2019,1727,GO,1516113,"113,909715172946",,
520870,Goiânia,2020,1510,GO,1536097,"98,3010838508245",,
520870,Goiânia,2021,838,GO,1555626,"53,8689890757804",,
521250,Luziânia,2010,3,GO,174531,"1,71889234577238",,
521250,Luziânia,2011,NA,GO,177099,NA,,
521250,Luziânia,2012,NA,GO,179582,NA,,
521250,Luziânia,2013,NA,GO,188181,NA,,
521250,Luziânia,2014,NA,GO,191139,NA,,
521250,Luziânia,2015,3,GO,194039,"1,54608094249094",,
521250,Luziânia,2016,NA,GO,196864,NA,,
521250,Luziânia,2017,8,GO,199615,"4,00771485108835",,
521250,Luziânia,2018,117,GO,205023,"57,0667681186989",,
521250,Luziânia,2019,78,GO,208299,"37,4461711290021",,
521250,Luziânia,2020,62,GO,211508,"29,3133120260227",,
521250,Luziânia,2021,36,GO,214645,"16,771879149293",,
530010,Brasília,2010,8,DF,2570160,"0,311264668347496",,
530010,Brasília,2011,57,DF,2609998,"2,18390971947105",,
530010,Brasília,2012,54,DF,2648532,"2,03886530349643",,
530010,Brasília,2013,102,DF,2789761,"3,65622718218514",,
530010,Brasília,2014,164,DF,2852372,"5,74960068322084",,
530010,Brasília,2015,635,DF,2914830,"21,7851469897044",,
530010,Brasília,2016,1505,DF,2977216,"50,550581482835",,
530010,Brasília,2017,1714,DF,3039444,"56,3918927277489",,
530010,Brasília,2018,1868,DF,2974703,"62,796185030909",,
530010,Brasília,2019,2120,DF,3015268,"70,3088415358104",,
530010,Brasília,2020,2293,DF,3055149,"75,0536225892747",,
530010,Brasília,2021,1099,DF,3094325,"35,5166312523733",,
