Competência,Macrorregião,UF,IBGE,Município,População,Nº ESF Cob.,Nº EAB Param. Cob.,CH Médico,CH Enfermeiro,Nº eSF equivalente,Estim. Pop. Cob. ESF,Cobertura ESF,Estim. Pop. Cob. AB,Cobertura AB
2012,NORTE,AC,120040,RIO BRANCO,342298,52,0,23.7,49.35,24,180090,"52,61%",251190,"73,38%"
2012,NORDESTE,AL,270430,MACEIÓ,943109,85,0,53.5,60.35,54,293250,"31,09%",453750,"48,11%"
2012,NORTE,AM,130260,MANAUS,1832423,157,0,135.9,149.5,136,542685,"29,62%",950385,"51,86%"
2012,NORTE,AP,160030,MACAPÁ,407023,64,0,42.9,69,43,220800,"54,25%",349500,"85,87%"
2012,NORDESTE,BA,290570,CAMAÇARI,249206,37,0,30.26,13.85,14,127650,"51,22%",169200,"67,90%"
2012,NORDESTE,BA,292530,PORTO SEGURO,129324,33,0,0.35,2,0,113850,"88,03%",113850,"88,03%"
2012,NORDESTE,BA,292740,SALVADOR,2693605,111,0,109.48,194.47,109,382950,"14,22%",711390,"26,41%"
2012,NORDESTE,BA,293135,TEIXEIRA DE FREITAS,140709,34,0,1.33,4,1,117300,"83,36%",121290,"86,20%"
2012,NORDESTE,CE,230370,CAUCAIA,330854,70,0,4.33,2,2,241500,"72,99%",247500,"74,81%"
2012,NORDESTE,CE,230440,FORTALEZA,2476589,235,0,87.33,84.75,85,811440,"32,76%",1065690,"43,03%"
2012,NORDESTE,CE,230765,MARACANAÚ,211267,50,0,16.66,16,16,171810,"81,32%",211267,100%
2012,CENTRO-OESTE,DF,530010,BRASÍLIA,2609997,174,2,266.38,317.1,266,600300,23%,1405440,"53,85%"
2012,SUDESTE,ES,320130,CARIACICA,350615,11,0,64.73,23.5,24,37950,"10,82%",108450,"30,93%"
2012,SUDESTE,ES,320240,GUARAPARI,106582,6,0,2.58,1,1,19320,"18,13%",22320,"20,94%"
2012,SUDESTE,ES,320320,LINHARES,143508,27,0,9.58,1,1,93150,"64,91%",96150,67%
2012,SUDESTE,ES,320490,SÃO MATEUS,110453,14,0,5.48,0.5,0,48300,"43,73%",48300,"43,73%"
2012,SUDESTE,ES,320500,SERRA,416028,36,0,42.46,23.25,23,124200,"29,85%",193950,"46,62%"
2012,SUDESTE,ES,320520,VILA VELHA,419853,22,0,33.78,32.75,33,74520,"17,75%",172770,"41,15%"
2012,SUDESTE,ES,320530,VITÓRIA,330526,74,0,38.16,31.5,32,255300,"77,24%",330526,100%
2012,CENTRO-OESTE,GO,520870,GOIÂNIA,1318148,178,0,92.78,84.4,84,614100,"46,59%",867300,"65,80%"
2012,CENTRO-OESTE,GO,521250,LUZIÂNIA,177098,17,0,3.96,3.25,3,58650,"33,12%",68400,"38,62%"
2012,NORDESTE,MA,210750,PAÇO DO LUMIAR,107764,19,0,2,15.5,2,65550,"60,83%",71550,"66,40%"
2012,NORDESTE,MA,211130,SÃO LUÍS,1027429,78,0,39.81,78.15,40,269100,"26,19%",388530,"37,82%"
2012,NORDESTE,MA,211220,TIMON,157438,53,0,0.13,4.25,0,157438,100%,157438,100%
2012,SUDESTE,MG,310620,BELO HORIZONTE,2385639,513,0,245.2,287.75,245,1769850,"74,19%",2385639,100%
2012,SUDESTE,MG,312770,GOVERNADOR VALADARES,264960,37,0,13.81,10,10,127650,"48,18%",157650,"59,50%"
2012,SUDESTE,MG,313670,JUIZ DE FORA,520810,78,0,35.16,31.27,31,269100,"51,67%",362910,"69,68%"
2012,SUDESTE,MG,315460,RIBEIRÃO DAS NEVES,299728,33,0,11.46,14.5,11,113850,"37,98%",148230,"49,45%"
2012,SUDESTE,MG,315670,SABARÁ,127096,7,0,14.96,15,15,24150,19%,69030,"54,31%"
2012,SUDESTE,MG,315780,SANTA LUZIA,204327,40,0,14.61,7,7,138000,"67,54%",159000,"77,82%"
2012,SUDESTE,MG,316860,TEÓFILO OTONI,135153,14,0,5.46,7.75,5,48300,"35,74%",64680,"47,86%"
2012,SUDESTE,MG,317120,VESPASIANO,106684,14,0,8.2,4.7,5,48300,"45,27%",62400,"58,49%"
2012,CENTRO-OESTE,MS,500270,CAMPO GRANDE,796252,83,0,66.8,11.5,12,287730,"36,14%",322230,"40,47%"
2012,CENTRO-OESTE,MS,500370,DOURADOS,198421,42,0,2.66,0.5,0,144900,"73,03%",144900,"73,03%"
2012,CENTRO-OESTE,MT,510340,CUIABÁ,556298,63,0,21,23.02,21,217350,"39,07%",280350,"50,40%"
2012,NORTE,PA,150140,BELÉM,1402056,71,0,107.83,111.35,108,244950,"17,47%",568440,"40,54%"
2012,NORTE,PA,150170,BRAGANÇA,114720,17,0,0.16,2.5,0,58650,"51,12%",58650,"51,12%"
2012,NORTE,PA,150420,MARABÁ,238708,3,0,7.83,9.8,8,10350,"4,34%",33840,"14,18%"
2012,NORTE,PA,150442,MARITUBA,110842,18,0,4.16,6,4,62100,"56,03%",74580,"67,28%"
2012,NORTE,PA,150553,PARAUAPEBAS,160228,10,0,12.76,23,13,34500,"21,53%",72780,"45,42%"
2012,NORDESTE,PB,250750,JOÃO PESSOA,733154,169,0,16.33,35.15,16,583050,"79,53%",632040,"86,21%"
2012,NORDESTE,PB,251370,SANTA RITA,121166,37,0,4.88,5.25,5,121166,100%,121166,100%
2012,NORDESTE,PE,260290,CABO DE SANTO AGOSTINHO,187158,37,0,2.66,3.75,3,127650,"68,20%",135630,"72,47%"
2012,NORDESTE,PE,260345,CAMARAGIBE,145676,42,0,1.66,0,0,144900,"99,47%",144900,"99,47%"
2012,NORDESTE,PE,260680,IGARASSU,103536,25,0,0.53,2.65,0,86250,"83,30%",86250,"83,30%"
2012,NORDESTE,PE,260790,JABOATÃO DOS GUARARAPES,649787,80,0,22.66,2.25,2,274620,"42,26%",281370,"43,30%"
2012,NORDESTE,PE,260960,OLINDA,378537,50,0,7.66,11,8,172500,"45,57%",195480,"51,64%"
2012,NORDESTE,PE,261110,PETROLINA,299751,54,0,2,2.75,2,186300,"62,15%",192300,"64,15%"
2012,NORDESTE,PE,261160,RECIFE,1546516,236,0,52.16,45.95,46,814200,"52,65%",952050,"61,56%"
2012,NORDESTE,PE,261370,SÃO LOURENÇO DA MATA,103854,23,0,4.55,2.25,2,79350,"76,41%",86100,"82,90%"
2012,NORDESTE,PI,220770,PARNAÍBA,146735,31,0,0,1,0,106950,"72,89%",106950,"72,89%"
2012,NORDESTE,PI,221100,TERESINA,822363,244,0,20.5,24.75,21,822363,100%,822363,100%
2012,SUL,PR,410040,ALMIRANTE TAMANDARÉ,104350,6,0,8.48,9.4,8,20700,"19,84%",46140,"44,22%"
2012,SUL,PR,410690,CURITIBA,1764540,185,0,182.53,168.97,169,638250,"36,17%",1145160,"64,90%"
2012,SUDESTE,RJ,330045,BELFORD ROXO,472008,34,0,22.2,19.25,19,117300,"24,85%",175050,"37,09%"
2012,SUDESTE,RJ,330170,DUQUE DE CAXIAS,861157,42,0,44.4,30.35,30,144210,"16,75%",235260,"27,32%"
2012,SUDESTE,RJ,330190,ITABORAÍ,220351,45,0,12.7,18.95,13,155250,"70,46%",193350,"87,75%"
2012,SUDESTE,RJ,330250,MAGÉ,228972,63,0,0,1,0,217350,"94,92%",217350,"94,92%"
2012,SUDESTE,RJ,330270,MARICÁ,131354,16,0,13.03,12.4,12,55200,"42,02%",92400,"70,34%"
2012,SUDESTE,RJ,330285,MESQUITA,168966,12,0,19.6,10.3,10,41400,"24,50%",72300,"42,79%"
2012,SUDESTE,RJ,330320,NILÓPOLIS,157710,30,0,13.76,23.6,14,103500,"65,63%",144780,"91,80%"
2012,SUDESTE,RJ,330330,NITERÓI,489720,84,0,50.16,17.9,18,289800,"59,18%",343500,"70,14%"
2012,SUDESTE,RJ,330350,NOVA IGUAÇU,799047,64,0,66.66,81.5,67,220800,"27,63%",420780,"52,66%"
2012,SUDESTE,RJ,330414,QUEIMADOS,139188,10,0,5.8,1,1,34500,"24,79%",37500,"26,94%"
2012,SUDESTE,RJ,330420,RESENDE,120937,24,0,6.03,10.17,6,82800,"68,47%",100890,"83,42%"
2012,SUDESTE,RJ,330455,RIO DE JANEIRO,6355949,718,0,273.03,498.27,273,2477273,"38,98%",3296362.5,"51,86%"
2012,SUDESTE,RJ,330490,SÃO GONÇALO,1008064,190,0,53.86,46.15,46,655500,"65,03%",793950,"78,76%"
2012,SUDESTE,RJ,330510,SÃO JOÃO DE MERITI,459379,46,0,9.83,5.15,5,158700,"34,55%",174150,"37,91%"
2012,NORDESTE,RN,240810,"NATAL",810780,59,0,68.31,85.1,68,203550,"25,11%",408480,"50,38%"
2012,NORDESTE,RN,240325,PARNAMIRIM,208425,42,0,18.73,19.5,19,144900,"69,52%",201090,"96,48%"
2012,NORTE,RO,110012,JI-PARANÁ,117363,13,0,4.5,1,1,44850,"38,21%",47850,"40,77%"
2012,NORTE,RR,140010,BOA VISTA,290741,44,0,15.6,19.25,16,151800,"52,21%",198600,"68,31%"
2012,SUL,RS,430060,ALVORADA,196571,26,0,4.5,10,5,89700,"45,63%",103200,"52,50%"
2012,SUL,RS,430210,BENTO GONÇALVES,108490,11,0,12.1,11.75,12,37950,"34,98%",73200,"67,47%"
2012,SUL,RS,430460,CANOAS,325188,11,0,84.6,52.25,52,37950,"11,67%",194700,"59,87%"
2012,SUL,RS,430510,CAXIAS DO SUL,441332,27,0,33.55,30.9,31,93840,"21,26%",186540,"42,27%"
2012,SUL,RS,431410,PASSO FUNDO,186082,15,0,20.1,27.25,20,51750,"27,81%",112050,"60,22%"
2012,SUL,RS,431490,PORTO ALEGRE,1413094,130,0,168.03,119.25,119,448500,"31,74%",806250,"57,06%"
2012,SUL,RS,431560,RIO GRANDE,198048,24,0,10.7,17.7,11,83490,"42,16%",115590,"58,36%"
2012,SUL,RS,431680,SANTA CRUZ DO SUL,119199,11,0,11.08,13.3,11,37950,"31,84%",71190,"59,72%"
2012,SUL,RS,431690,SANTA MARIA,262368,12,0,27.61,24.57,25,41400,"15,78%",115110,"43,87%"
2012,SUL,RS,431870,SÃO LEOPOLDO,215664,9,0,21.71,13.9,14,31050,"14,40%",72750,"33,73%"
2012,SUL,RS,432000,SAPUCAIA DO SUL,131587,14,0,9.48,9.05,9,48300,"36,71%",75450,"57,34%"
2012,SUL,RS,432300,VIAMÃO,240302,0,0,18.83,15.12,15,0,0%,45360,"18,88%"
2012,SUL,SC,420540,FLORIANÓPOLIS,427298,111,0,17,28.55,17,382950,"89,62%",427298,100%
2012,SUL,SC,421190,PALHOÇA,139989,26,0,11.16,15,11,89700,"64,08%",123180,"87,99%"
2012,SUL,SC,421660,SÃO JOSÉ,212586,39,0,28.65,18,18,133860,"62,97%",187860,"88,37%"
2012,NORDESTE,SE,280030,ARACAJU,579563,136,0,28.58,14.75,15,469200,"80,96%",513450,"88,59%"
2012,NORDESTE,SE,280480,NOSSA SENHORA DO SOCORRO,163046,50,0,8.26,10.5,8,163046,100%,163046,100%
2012,SUDESTE,SP,350600,BAURU,346076,8,0,29.91,30,30,27600,"7,98%",117330,"33,90%"
2012,SUDESTE,SP,350750,BOTUCATU,128788,11,0,7.41,12.5,7,37950,"29,47%",60180,"46,73%"
2012,SUDESTE,SP,351350,CUBATÃO,119519,18,0,19.13,13.5,14,63653,"53,26%",104152.5,"87,14%"
2012,SUDESTE,SP,351870,GUARUJÁ,292743,26,0,21.58,25.3,22,89700,"30,64%",154440,"52,76%"
2012,SUDESTE,SP,352230,ITAPETININGA,145821,11,0,13.26,20.87,13,37950,"26,03%",77730,"53,31%"
2012,SUDESTE,SP,352310,ITAQUAQUECETUBA,325518,9,0,26.33,23,23,31050,"9,54%",100050,"30,74%"
2012,SUDESTE,SP,353470,OURINHOS,103739,4,0,11.08,18.85,11,13800,"13,30%",47040,"45,34%"
2012,SUDESTE,SP,354100,PRAIA GRANDE,267306,47,0,12.9,6,6,161115,"60,27%",179115,"67,01%"
2012,SUDESTE,SP,355030,SÃO PAULO,11316149,1035,0,1132.11,1055.72,1056,3571785,"31,56%",6738945,"59,55%"
2012,NORTE,TO,170210,ARAGUAÍNA,153350,37,0,1.33,14,1,126443,"82,45%",130432.5,"85,06%"
2012,NORTE,TO,172100,PALMAS,235315,51,0,4.1,4.75,4,175950,"74,77%",188250,80%
2013,NORTE,AC,120040,RIO BRANCO,348354,49,0,39.1,42.25,39,169050,"48,53%",286350,"82,20%"
2013,NORDESTE,AL,270430,MACEIÓ,953393,85,0,54.03,57.15,54,293250,"30,76%",455340,"47,76%"
2013,NORTE,AM,130260,MANAUS,1861838,158,0,146.36,149.3,146,543893,"29,21%",982972.5,"52,80%"
2013,NORTE,AP,160030,MACAPÁ,415554,66,0,35.03,61.75,35,227700,"54,79%",332790,"80,08%"
2013,NORDESTE,BA,290570,CAMAÇARI,255238,40,0,31.83,19.1,19,138000,"54,07%",195300,"76,52%"
2013,NORDESTE,BA,292530,PORTO SEGURO,131642,35,0,1.13,4,1,120233,"91,33%",123622.5,"93,91%"
2013,NORDESTE,BA,292740,SALVADOR,2710968,183,0,114.11,167.22,114,631350,"23,29%",973680,"35,92%"
2013,NORDESTE,BA,293135,TEIXEIRA DE FREITAS,143001,34,0,6.66,3,3,117300,"82,03%",126300,"88,32%"
2013,NORDESTE,CE,230370,CAUCAIA,336091,67,0,6.33,3,3,231150,"68,78%",240150,"71,45%"
2013,NORDESTE,CE,230440,FORTALEZA,2500194,271,0,117,131.25,117,934950,"37,40%",1285950,"51,43%"
2013,NORDESTE,CE,230765,MARACANAÚ,213404,52,0,12.66,15.5,13,179400,"84,07%",213404,100%
2013,CENTRO-OESTE,DF,530010,BRASÍLIA,2648532,205,2,289.45,375.17,289,707250,"26,70%",1581600,"59,72%"
2013,SUDESTE,ES,320130,CARIACICA,352431,6,1,85.06,31.75,32,20700,"5,87%",118950,"33,75%"
2013,SUDESTE,ES,320240,GUARAPARI,107836,12,0,2.9,2.2,2,40020,"37,11%",46620,"43,23%"
2013,SUDESTE,ES,320320,LINHARES,145639,27,0,13.15,4,4,93150,"63,96%",105150,"72,20%"
2013,SUDESTE,ES,320490,SÃO MATEUS,111832,18,0,4.46,2.5,3,62100,"55,53%",69600,"62,24%"
2013,SUDESTE,ES,320500,SERRA,422569,38,0,49.1,9.25,9,131100,"31,02%",158850,"37,59%"
2013,SUDESTE,ES,320520,VILA VELHA,424948,35,0,39.78,39.75,40,120750,"28,42%",240000,"56,48%"
2013,SUDESTE,ES,320530,VITÓRIA,333162,77,0,48.81,38,38,265650,"79,74%",333162,100%
2013,CENTRO-OESTE,GO,520870,GOIÂNIA,1333767,183,0,112.21,87.57,88,629970,"47,23%",892680,"66,93%"
2013,CENTRO-OESTE,GO,521250,LUZIÂNIA,179582,18,0,4.63,4,4,62100,"34,58%",74100,"41,26%"
2013,NORDESTE,MA,210750,PAÇO DO LUMIAR,110321,20,0,0.66,1.75,0,69000,"62,54%",69000,"62,54%"
2013,NORDESTE,MA,211130,SÃO LUÍS,1039610,103,0,51.95,72.6,52,354660,"34,11%",510510,"49,11%"
2013,NORDESTE,MA,211220,TIMON,159471,57,0,2,0.5,0,159471,100%,159471,100%
2013,SUDESTE,MG,310620,BELO HORIZONTE,2395785,500,0,273.38,315.55,273,1725000,72%,2395785,100%
2013,SUDESTE,MG,312770,GOVERNADOR VALADARES,266190,41,0,11.71,6.5,7,141450,"53,14%",160950,"60,46%"
2013,SUDESTE,MG,313670,JUIZ DE FORA,525225,79,0,33.7,26.25,26,272550,"51,89%",351300,"66,89%"
2013,SUDESTE,MG,315460,RIBEIRÃO DAS NEVES,303029,43,0,16.6,22.25,17,148350,"48,96%",198150,"65,39%"
2013,SUDESTE,MG,315670,SABARÁ,127897,7,0,21.13,14.5,15,24150,"18,88%",67650,"52,89%"
2013,SUDESTE,MG,315780,SANTA LUZIA,205666,23,0,7.58,5.75,6,79350,"38,58%",96600,"46,97%"
2013,SUDESTE,MG,316860,TEÓFILO OTONI,135549,26,0,7.13,8.25,7,89700,"66,18%",111090,"81,96%"
2013,SUDESTE,MG,317120,VESPASIANO,108771,16,0,13.86,7.7,8,55200,"50,75%",78300,"71,99%"
2013,CENTRO-OESTE,MS,500270,CAMPO GRANDE,805397,86,0,62.25,16.5,17,298253,"37,03%",347752.5,"43,18%"
2013,CENTRO-OESTE,MS,500370,DOURADOS,200729,38,0,2.16,2.5,2,129548,"64,54%",136027.5,"67,77%"
2013,CENTRO-OESTE,MT,510340,CUIABÁ,561329,63,0,19.98,22.77,20,216315,"38,54%",276255,"49,21%"
2013,NORTE,PA,150140,BELÉM,1410430,93,0,108.86,109.15,109,320850,"22,75%",647430,"45,90%"
2013,NORTE,PA,150170,BRAGANÇA,116164,19,0,2.1,8,2,65550,"56,43%",71850,"61,85%"
2013,NORTE,PA,150420,MARABÁ,243583,3,0,7.7,5.3,5,10350,"4,25%",26250,"10,78%"
2013,NORTE,PA,150442,MARITUBA,113353,18,0,4.66,9,5,62100,"54,78%",76080,"67,12%"
2013,NORTE,PA,150553,PARAUAPEBAS,166342,16,0,10.71,24,11,55200,"33,18%",87330,"52,50%"
2013,NORDESTE,PB,250750,JOÃO PESSOA,742478,175,0,23.98,42.05,24,603750,"81,32%",675690,91%
2013,NORDESTE,PB,251370,SANTA RITA,121994,39,0,1.76,5.6,2,121994,100%,121994,100%
2013,NORDESTE,PE,260290,CABO DE SANTO AGOSTINHO,189222,37,0,8.33,7.8,8,127650,"67,46%",151050,"79,83%"
2013,NORDESTE,PE,260345,CAMARAGIBE,146847,42,0,7.16,2,2,144900,"98,67%",146847,100%
2013,NORDESTE,PE,260680,IGARASSU,105003,25,0,4.6,2.65,3,86250,"82,14%",94200,"89,71%"
2013,NORDESTE,PE,260790,JABOATÃO DOS GUARARAPES,654786,87,0,23.71,3.75,4,298770,"45,63%",310020,"47,35%"
2013,NORDESTE,PE,260960,OLINDA,379271,54,0,4.26,5,4,186300,"49,12%",199080,"52,49%"
2013,NORDESTE,PE,261110,PETROLINA,305352,61,0,0.66,1.75,0,211140,"69,15%",211140,"69,15%"
2013,NORDESTE,PE,261160,RECIFE,1555039,245,0,55.66,35.45,35,845250,"54,36%",951600,"61,19%"
2013,NORDESTE,PE,261370,SÃO LOURENÇO DA MATA,104782,25,0,3.35,0,0,86250,"82,31%",86250,"82,31%"
2013,NORDESTE,PI,220770,PARNAÍBA,147732,34,0,3.33,2,2,117300,"79,40%",123300,"83,46%"
2013,NORDESTE,PI,221100,TERESINA,830231,228,0,29.56,33.75,30,786600,"94,74%",830231,100%
2013,SUL,PR,410040,ALMIRANTE TAMANDARÉ,105458,6,0,12.73,11,11,20700,"19,63%",53700,"50,92%"
2013,SUL,PR,410690,CURITIBA,1776761,228,40,64.45,74.8,64,787635,"44,33%",1100985,"61,97%"
2013,SUDESTE,RJ,330045,BELFORD ROXO,474596,36,0,14.53,11.5,12,124200,"26,17%",158700,"33,44%"
2013,SUDESTE,RJ,330170,DUQUE DE CAXIAS,867067,60,0,40.73,31.55,32,206828,"23,85%",301477.5,"34,77%"
2013,SUDESTE,RJ,330190,ITABORAÍ,222618,45,0,12.16,21.55,12,155250,"69,74%",191730,"86,13%"
2013,SUDESTE,RJ,330250,MAGÉ,230568,58,0,0,0,0,200100,"86,79%",200100,"86,79%"
2013,SUDESTE,RJ,330270,MARICÁ,135121,17,0,12.4,12.9,12,58650,"43,41%",95850,"70,94%"
2013,SUDESTE,RJ,330285,MESQUITA,169537,15,0,22.46,9.65,10,51750,"30,52%",80700,"47,60%"
2013,SUDESTE,RJ,330320,NILÓPOLIS,157986,30,0,16.6,42.2,17,103500,"65,51%",153300,"97,03%"
2013,SUDESTE,RJ,330330,NITERÓI,491807,87,0,49.6,22.32,22,300150,"61,03%",367110,"74,65%"
2013,SUDESTE,RJ,330350,NOVA IGUAÇU,801746,56,0,62.5,105.5,63,193200,"24,10%",380700,"47,48%"
2013,SUDESTE,RJ,330414,QUEIMADOS,140374,10,0,7.63,1,1,34500,"24,58%",37500,"26,71%"
2013,SUDESTE,RJ,330420,RESENDE,122068,24,0,8.13,9.15,8,82800,"67,83%",107190,"87,81%"
2013,SUDESTE,RJ,330455,RIO DE JANEIRO,6390290,686,0,289.05,456.27,289,2367390,"37,05%",3234540,"50,62%"
2013,SUDESTE,RJ,330490,SÃO GONÇALO,1016128,182,0,62.75,68.65,63,627900,"61,79%",816150,"80,32%"
2013,SUDESTE,RJ,330510,SÃO JOÃO DE MERITI,460062,37,0,13.46,20.5,13,127650,"27,75%",168030,"36,52%"
2013,NORDESTE,RN,240810,"NATAL",817590,114,0,65.88,50.75,51,393300,"48,10%",545550,"66,73%"
2013,NORDESTE,RN,240325,PARNAMIRIM,214199,42,0,11.8,5.5,6,144900,"67,65%",161400,"75,35%"
2013,NORTE,RO,110012,JI-PARANÁ,118092,23,0,10.66,1.5,2,79350,"67,19%",83850,71%
2013,NORTE,RR,140010,BOA VISTA,296959,47,0,13.18,14,13,162150,"54,60%",201690,"67,92%"
2013,SUL,RS,430060,ALVORADA,197441,27,0,2.33,1,1,93150,"47,18%",96150,"48,70%"
2013,SUL,RS,430210,BENTO GONÇALVES,109653,11,0,9.26,11,9,37950,"34,61%",65730,"59,94%"
2013,SUL,RS,430460,CANOAS,326505,29,0,36.46,21.75,22,100050,"30,64%",165300,"50,63%"
2013,SUL,RS,430510,CAXIAS DO SUL,446911,36,0,35.28,26.45,26,124200,"27,79%",203550,"45,55%"
2013,SUL,RS,431410,PASSO FUNDO,187298,15,0,17,29.07,17,51750,"27,63%",102750,"54,86%"
2013,SUL,RS,431490,PORTO ALEGRE,1416714,128,0,168.91,160.75,161,441600,"31,17%",923850,"65,21%"
2013,SUL,RS,431560,RIO GRANDE,198842,27,0,8.28,14.1,8,93840,"47,19%",118680,"59,69%"
2013,SUL,RS,431680,SANTA CRUZ DO SUL,119997,11,0,10.86,12.1,11,37950,"31,63%",70530,"58,78%"
2013,SUL,RS,431690,SANTA MARIA,263662,16,0,31.61,30.75,31,55200,"20,94%",147450,"55,92%"
2013,SUL,RS,431870,SÃO LEOPOLDO,217189,8,1,21.85,14.9,15,27600,"12,71%",75300,"34,67%"
2013,SUL,RS,432000,SAPUCAIA DO SUL,132197,19,0,4.11,7.92,4,65550,"49,59%",77880,"58,91%"
2013,SUL,RS,432300,VIAMÃO,241190,5,0,11.38,9.87,10,16560,"6,87%",46170,"19,14%"
2013,SUL,SC,420540,FLORIANÓPOLIS,433158,116,0,13.66,23.3,14,400200,"92,39%",433158,100%
2013,SUL,SC,421190,PALHOÇA,142558,26,0,10.16,15.25,10,89700,"62,92%",120180,"84,30%"
2013,SUL,SC,421660,SÃO JOSÉ,215278,39,0,26.63,25.5,26,133170,"61,86%",209670,"97,39%"
2013,NORDESTE,SE,280030,ARACAJU,587701,137,0,33.13,13.75,14,472650,"80,42%",513900,"87,44%"
2013,NORDESTE,SE,280480,NOSSA SENHORA DO SOCORRO,165194,56,0,8.93,7.5,8,165194,100%,165194,100%
2013,SUDESTE,SP,350600,BAURU,348146,11,0,24.95,35.25,25,37950,"10,90%",112800,"32,40%"
2013,SUDESTE,SP,350750,BOTUCATU,130201,11,3,4,8.8,4,37950,"29,15%",58950,"45,28%"
2013,SUDESTE,SP,351350,CUBATÃO,120293,9,0,20.8,11,11,31050,"25,81%",64050,"53,24%"
2013,SUDESTE,SP,351870,GUARUJÁ,294669,26,0,23.58,23.37,23,89700,"30,44%",159810,"54,23%"
2013,SUDESTE,SP,352230,ITAPETININGA,147219,11,0,13.13,21.62,13,37950,"25,78%",77340,"52,53%"
2013,SUDESTE,SP,352310,ITAQUAQUECETUBA,329144,10,0,17.4,10.9,11,34500,"10,48%",67200,"20,42%"
2013,SUDESTE,SP,353470,OURINHOS,104420,4,0,9.15,15.75,9,13800,"13,22%",41250,"39,50%"
2013,SUDESTE,SP,354100,PRAIA GRANDE,272390,47,0,13.33,5,5,161633,"59,34%",176632.5,"64,85%"
2013,SUDESTE,SP,355030,SÃO PAULO,11376685,1017,5,1067.11,1081.15,1067,3507788,"30,83%",6724117.5,"59,10%"
2013,NORTE,TO,170210,ARAGUAÍNA,156123,39,0,3,6,3,134550,"86,18%",143550,"91,95%"
2013,NORTE,TO,172100,PALMAS,242070,59,0,7.63,5.5,6,203550,"84,09%",220050,"90,90%"
2014,NORTE,AC,120040,RIO BRANCO,357194,59,10,26.33,26.75,26,203550,"56,99%",312540,"87,50%"
2014,NORDESTE,AL,270430,MACEIÓ,996733,86,0,57.03,48.65,49,296700,"29,77%",442650,"44,41%"
2014,NORTE,AM,130260,MANAUS,1982177,199,0,152.16,118.5,119,686550,"34,64%",1042050,"52,57%"
2014,NORTE,AP,160030,MACAPÁ,437256,82,0,60.73,88.25,61,282900,"64,70%",437256,100%
2014,NORDESTE,BA,290570,CAMAÇARI,275575,40,0,31.1,25.6,26,138000,"50,08%",214800,"77,95%"
2014,NORDESTE,BA,292530,PORTO SEGURO,141006,36,0,1.9,3,2,124200,"88,08%",129900,"92,12%"
2014,NORDESTE,BA,292740,SALVADOR,2883682,208,0,103.01,163.62,103,717600,"24,88%",1026630,"35,60%"
2014,NORDESTE,BA,293135,TEIXEIRA DE FREITAS,153385,35,0,0,2,0,120233,"78,39%",120232.5,"78,39%"
2014,NORDESTE,CE,230370,CAUCAIA,344936,65,0,6.66,1,1,224250,"65,01%",227250,"65,88%"
2014,NORDESTE,CE,230440,FORTALEZA,2551806,307,0,107.16,125.75,107,1059840,"41,53%",1381320,"54,13%"
2014,NORDESTE,CE,230765,MARACANAÚ,217922,54,0,20.33,16.5,17,186300,"85,49%",217922,100%
2014,CENTRO-OESTE,DF,530010,BRASÍLIA,2789761,242,4,298.46,373.6,298,834900,"29,93%",1742280,"62,45%"
2014,SUDESTE,ES,320130,CARIACICA,375974,7,0,91.76,25.75,26,24150,"6,42%",101400,"26,97%"
2014,SUDESTE,ES,320240,GUARAPARI,116278,18,0,1.6,3.2,2,62100,"53,41%",66900,"57,53%"
2014,SUDESTE,ES,320320,LINHARES,157814,27,0,17.58,1,1,93150,"59,03%",96150,"60,93%"
2014,SUDESTE,ES,320490,SÃO MATEUS,120725,18,0,10.9,5.5,6,62100,"51,44%",78600,"65,11%"
2014,SUDESTE,ES,320500,SERRA,467318,38,0,110,28,28,131100,"28,05%",215100,"46,03%"
2014,SUDESTE,ES,320520,VILA VELHA,458489,27,0,40.11,36.75,37,93150,"20,32%",203400,"44,36%"
2014,SUDESTE,ES,320530,VITÓRIA,348268,76,0,46.26,31.5,32,262200,"75,29%",348268,100%
2014,CENTRO-OESTE,GO,520870,GOIÂNIA,1393575,186,0,105.88,87.35,87,641700,"46,05%",903750,"64,85%"
2014,CENTRO-OESTE,GO,521250,LUZIÂNIA,188181,19,0,7.3,3,3,65550,"34,83%",74550,"39,62%"
2014,NORDESTE,MA,210750,PAÇO DO LUMIAR,113378,19,0,0.33,4.75,0,65550,"57,82%",65550,"57,82%"
2014,NORDESTE,MA,211130,SÃO LUÍS,1053922,110,0,50.41,76.85,50,378120,"35,88%",529350,"50,23%"
2014,NORDESTE,MA,211220,TIMON,161721,57,0,3.33,2,2,161721,100%,161721,100%
2014,SUDESTE,MG,310620,BELO HORIZONTE,2479165,574,0,197.78,213,198,1981680,"79,93%",2479165,100%
2014,SUDESTE,MG,312770,GOVERNADOR VALADARES,275568,56,0,20.08,9,9,193200,"70,11%",220200,"79,91%"
2014,SUDESTE,MG,313670,JUIZ DE FORA,545942,92,0,41.06,33.25,33,317400,"58,14%",417150,"76,41%"
2014,SUDESTE,MG,315460,RIBEIRÃO DAS NEVES,315819,53,0,10.4,27.25,10,182850,"57,90%",214050,"67,78%"
2014,SUDESTE,MG,315670,SABARÁ,132636,7,0,23.4,22.5,23,24150,"18,21%",91650,"69,10%"
2014,SUDESTE,MG,315780,SANTA LUZIA,213345,40,0,4.25,4,4,138000,"64,68%",150000,"70,31%"
2014,SUDESTE,MG,316860,TEÓFILO OTONI,140067,32,0,6.13,9.25,6,110400,"78,82%",128790,"91,95%"
2014,SUDESTE,MG,317120,VESPASIANO,114365,15,0,14.5,6.5,7,51750,"45,25%",71250,"62,30%"
2014,CENTRO-OESTE,MS,500270,CAMPO GRANDE,832352,90,0,73.3,27,27,310155,"37,26%",391155,"46,99%"
2014,CENTRO-OESTE,MS,500370,DOURADOS,207498,42,0,8,1,1,144900,"69,83%",147900,"71,28%"
2014,CENTRO-OESTE,MT,510340,CUIABÁ,569830,62,0,19.81,22.52,20,213383,"37,45%",272812.5,"47,88%"
2014,NORTE,PA,150140,BELÉM,1425922,92,0,124.25,125.25,124,317400,"22,26%",690150,"48,40%"
2014,NORTE,PA,150170,BRAGANÇA,118678,21,0,5.6,4.25,4,72450,"61,05%",85200,"71,79%"
2014,NORTE,PA,150420,MARABÁ,251885,6,0,10.03,5.55,6,20700,"8,22%",37350,"14,83%"
2014,NORTE,PA,150442,MARITUBA,117614,18,0,4.16,10,4,62100,"52,80%",74580,"63,41%"
2014,NORTE,PA,150553,PARAUAPEBAS,176582,17,0,15.01,22.25,15,58650,"33,21%",103680,"58,71%"
2014,NORDESTE,PB,250750,JOÃO PESSOA,769607,186,0,26.06,37.15,26,641700,"83,38%",719880,"93,54%"
2014,NORDESTE,PB,251370,SANTA RITA,125278,36,0,4.43,9.6,4,124200,"99,14%",125278,100%
2014,NORDESTE,PE,260290,CABO DE SANTO AGOSTINHO,196152,39,0,9,11.8,9,134550,"68,59%",161550,"82,36%"
2014,NORDESTE,PE,260345,CAMARAGIBE,151587,42,0,12.5,9,9,144900,"95,59%",151587,100%
2014,NORDESTE,PE,260680,IGARASSU,109322,29,0,2.3,0.95,0,100050,"91,52%",100050,"91,52%"
2014,NORDESTE,PE,260790,JABOATÃO DOS GUARARAPES,675599,84,0,31,8.25,8,291180,"43,10%",315930,"46,76%"
2014,NORDESTE,PE,260960,OLINDA,388127,52,0,4.93,2.75,3,179400,"46,22%",187650,"48,35%"
2014,NORDESTE,PE,261110,PETROLINA,319893,68,0,0.5,0,0,234600,"73,34%",234600,"73,34%"
2014,NORDESTE,PE,261160,RECIFE,1599513,247,0,56,35.2,35,852150,"53,28%",957750,"59,88%"
2014,NORDESTE,PE,261370,SÃO LOURENÇO DA MATA,108301,25,0,3.21,0.5,0,86250,"79,64%",86250,"79,64%"
2014,NORDESTE,PI,220770,PARNAÍBA,148832,35,0,4,4,4,120750,"81,13%",132750,"89,19%"
2014,NORDESTE,PI,221100,TERESINA,836475,246,0,30.5,33.75,31,836475,100%,836475,100%
2014,SUL,PR,410040,ALMIRANTE TAMANDARÉ,110256,7,0,9.71,9.5,10,24150,"21,90%",52650,"47,75%"
2014,SUL,PR,410690,CURITIBA,1848946,232,27,69.4,84.55,69,799538,"43,24%",1088737.5,"58,88%"
2014,SUDESTE,RJ,330045,BELFORD ROXO,477583,39,0,9.86,7.7,8,134550,"28,17%",157650,"33,01%"
2014,SUDESTE,RJ,330170,DUQUE DE CAXIAS,873921,68,0,42.5,29.1,29,233048,"26,67%",320347.5,"36,66%"
2014,SUDESTE,RJ,330190,ITABORAÍ,225263,43,0,11,14.05,11,148350,"65,86%",181350,"80,51%"
2014,SUDESTE,RJ,330250,MAGÉ,232419,58,0,0,0,0,200100,"86,09%",200100,"86,09%"
2014,SUDESTE,RJ,330270,MARICÁ,139552,18,0,11.96,12.2,12,62100,"44,50%",97980,"70,21%"
2014,SUDESTE,RJ,330285,MESQUITA,170185,19,0,22.73,11.9,12,65550,"38,52%",101250,"59,49%"
2014,SUDESTE,RJ,330320,NILÓPOLIS,158288,30,0,20.43,38.2,20,103500,"65,39%",158288,100%
2014,SUDESTE,RJ,330330,NITERÓI,494200,97,0,26.16,17.77,18,334650,"67,72%",387960,"78,50%"
2014,SUDESTE,RJ,330350,NOVA IGUAÇU,804815,68,0,45.3,58.65,45,234600,"29,15%",370500,"46,04%"
2014,SUDESTE,RJ,330414,QUEIMADOS,141753,10,0,6.66,0.75,0,34500,"24,34%",34500,"24,34%"
2014,SUDESTE,RJ,330420,RESENDE,123385,25,0,8.4,8.35,8,86250,"69,90%",111300,"90,21%"
2014,SUDESTE,RJ,330455,RIO DE JANEIRO,6429923,808,57,180.15,402.62,180,2787945,"43,36%",3499395,"54,42%"
2014,SUDESTE,RJ,330490,SÃO GONÇALO,1025507,178,0,49.61,56.2,50,614100,"59,88%",762930,"74,40%"
2014,SUDESTE,RJ,330510,SÃO JOÃO DE MERITI,460799,32,0,18.03,21.8,18,110400,"23,96%",164490,"35,70%"
2014,NORDESTE,RN,240810,"NATAL",853928,122,0,60.88,58.45,58,420900,"49,29%",596250,"69,82%"
2014,NORDESTE,RN,240325,PARNAMIRIM,229414,44,0,3.98,4,4,151800,"66,17%",163740,"71,37%"
2014,NORTE,RO,110012,JI-PARANÁ,128026,29,0,4.66,2.5,3,100050,"78,15%",107550,"84,01%"
2014,NORTE,RR,140010,BOA VISTA,308996,51,0,20.45,9.75,10,175950,"56,94%",205200,"66,41%"
2014,SUL,RS,430060,ALVORADA,204750,28,0,0.33,0,0,96600,"47,18%",96600,"47,18%"
2014,SUL,RS,430210,BENTO GONÇALVES,111384,11,0,11.86,10.7,11,37950,"34,07%",70050,"62,89%"
2014,SUL,RS,430460,CANOAS,338531,46,0,22.95,27,23,157320,"46,47%",226170,"66,81%"
2014,SUL,RS,430510,CAXIAS DO SUL,465304,37,1,34.38,31.15,31,127650,"27,43%",224100,"48,16%"
2014,SUL,RS,431410,PASSO FUNDO,194432,15,0,10,17.17,10,51750,"26,62%",81750,"42,05%"
2014,SUL,RS,431490,PORTO ALEGRE,1467816,181,0,175.41,125.35,125,624450,"42,54%",1000500,"68,16%"
2014,SUL,RS,431560,RIO GRANDE,206161,27,0,11.68,18.85,12,93840,"45,52%",128880,"62,51%"
2014,SUL,RS,431680,SANTA CRUZ DO SUL,124577,14,0,10.25,10.37,10,48300,"38,77%",79050,"63,45%"
2014,SUL,RS,431690,SANTA MARIA,273489,16,0,38.8,34.75,35,55200,"20,18%",159450,"58,30%"
2014,SUL,RS,431870,SÃO LEOPOLDO,225520,10,0,20.38,11.1,11,34500,"15,30%",67800,"30,06%"
2014,SUL,RS,432000,SAPUCAIA DO SUL,137104,19,0,11.93,18.4,12,65550,"47,81%",101340,"73,91%"
2014,SUL,RS,432300,VIAMÃO,250028,10,0,22.3,11,11,34500,"13,80%",67500,27%
2014,SUL,SC,420540,FLORIANÓPOLIS,453285,119,0,22.51,30.5,23,410550,"90,57%",453285,100%
2014,SUL,SC,421190,PALHOÇA,150623,30,0,12.33,13.25,12,103500,"68,71%",140490,"93,27%"
2014,SUL,SC,421660,SÃO JOSÉ,224779,39,0,18.63,20.5,19,135240,"60,17%",191130,"85,03%"
2014,NORDESTE,SE,280030,ARACAJU,614577,137,0,26.66,11.25,11,472650,"76,91%",506400,"82,40%"
2014,NORDESTE,SE,280480,NOSSA SENHORA DO SOCORRO,172547,61,0,3.1,3,3,172547,100%,172547,100%
2014,SUDESTE,SP,350600,BAURU,362062,13,0,31.65,34.75,32,44850,"12,39%",139800,"38,61%"
2014,SUDESTE,SP,350750,BOTUCATU,136269,12,4,7.21,8.8,7,41400,"30,38%",75030,"55,06%"
2014,SUDESTE,SP,351350,CUBATÃO,125178,15,0,16.9,8,8,51750,"41,34%",75750,"60,51%"
2014,SUDESTE,SP,351870,GUARUJÁ,306683,28,0,44.58,22.37,22,96600,"31,50%",163710,"53,38%"
2014,SUDESTE,SP,352230,ITAPETININGA,153810,10,0,10.98,22.27,11,34500,"22,43%",67440,"43,85%"
2014,SUDESTE,SP,352310,ITAQUAQUECETUBA,344558,16,0,17.93,19,18,55200,"16,02%",108990,"31,63%"
2014,SUDESTE,SP,353470,OURINHOS,108674,4,0,18.5,21.25,19,13800,"12,70%",69300,"63,77%"
2014,SUDESTE,SP,354100,PRAIA GRANDE,287967,56,0,12.55,3.5,4,193200,"67,09%",203700,"70,74%"
2014,SUDESTE,SP,355030,SÃO PAULO,11821873,1130,0,953.75,1117.67,954,3896775,"32,96%",6758025,"57,17%"
2014,NORTE,TO,170210,ARAGUAÍNA,164093,40,0,4,4,4,138000,"84,10%",150000,"91,41%"
2014,NORTE,TO,172100,PALMAS,257904,64,0,5.66,15.75,6,220800,"85,61%",237780,"92,20%"
2015,NORTE,AC,120040,RIO BRANCO,363928,61,6,28.2,43,28,210450,"57,83%",313050,"86,02%"
2015,NORDESTE,AL,270430,MACEIÓ,1005319,86,0,58.03,50.4,50,296700,"29,51%",447900,"44,55%"
2015,NORTE,AM,130260,MANAUS,2020301,194,30,113.5,80.87,81,669300,"33,13%",1001910,"49,59%"
2015,NORTE,AP,160030,MACAPÁ,446757,83,0,31.73,66.05,32,286350,"64,10%",381540,"85,40%"
2015,NORDESTE,BA,290570,CAMAÇARI,281413,42,0,18,21.75,18,144900,"51,49%",198900,"70,68%"
2015,NORDESTE,BA,292530,PORTO SEGURO,143282,36,0,1.26,3,1,124200,"86,68%",127980,"89,32%"
2015,NORDESTE,BA,292740,SALVADOR,2902927,229,4,90.71,158.47,91,790050,"27,22%",1074180,37%
2015,NORDESTE,BA,293135,TEIXEIRA DE FREITAS,155659,38,0,1.33,0.5,0,131100,"84,22%",131100,"84,22%"
2015,NORDESTE,CE,230370,CAUCAIA,349526,60,0,8,1,1,207000,"59,22%",210000,"60,08%"
2015,NORDESTE,CE,230440,FORTALEZA,2571896,385,0,101.6,141,102,1328250,"51,64%",1633050,"63,50%"
2015,NORDESTE,CE,230765,MARACANAÚ,219749,56,0,3.33,5,3,193200,"87,92%",203190,"92,46%"
2015,CENTRO-OESTE,DF,530010,BRASÍLIA,2852372,250,5,306.18,395.22,306,862500,"30,24%",1796040,"62,97%"
2015,SUDESTE,ES,320130,CARIACICA,378915,15,0,71.3,31.75,32,51750,"13,66%",147000,"38,79%"
2015,SUDESTE,ES,320240,GUARAPARI,118056,19,0,1.7,1.3,1,65550,"55,52%",69450,"58,83%"
2015,SUDESTE,ES,320320,LINHARES,160765,27,0,17,0,0,93150,"57,94%",93150,"57,94%"
2015,SUDESTE,ES,320490,SÃO MATEUS,122668,18,0,12.63,1.75,2,62100,"50,62%",67350,"54,90%"
2015,SUDESTE,ES,320500,SERRA,476428,41,0,76.46,27,27,141450,"29,69%",222450,"46,69%"
2015,SUDESTE,ES,320520,VILA VELHA,465690,29,0,33.33,36.75,33,100050,"21,48%",200040,"42,96%"
2015,SUDESTE,ES,320530,VITÓRIA,352104,75,0,42.46,25,25,258233,"73,34%",333232.5,"94,64%"
2015,CENTRO-OESTE,GO,520870,GOIÂNIA,1412364,177,0,78.6,79.77,79,610650,"43,24%",846450,"59,93%"
2015,CENTRO-OESTE,GO,521250,LUZIÂNIA,191139,19,0,4.83,1.75,2,65550,"34,29%",70800,"37,04%"
2015,NORDESTE,MA,210750,PAÇO DO LUMIAR,115693,21,0,0.5,4.75,0,72450,"62,62%",72450,"62,62%"
2015,NORDESTE,MA,211130,SÃO LUÍS,1064197,110,0,32.31,88.35,32,379500,"35,66%",476430,"44,77%"
2015,NORDESTE,MA,211220,TIMON,163342,57,0,0,1,0,163342,100%,163342,100%
2015,SUDESTE,MG,310620,BELO HORIZONTE,2491109,579,0,190.61,212.1,191,1996860,"80,16%",2491109,100%
2015,SUDESTE,MG,312770,GOVERNADOR VALADARES,276995,59,0,14.16,9,9,203550,"73,49%",230550,"83,23%"
2015,SUDESTE,MG,313670,JUIZ DE FORA,550710,92,0,45.96,42.25,42,317400,"57,63%",444150,"80,65%"
2015,SUDESTE,MG,315460,RIBEIRÃO DAS NEVES,319310,52,0,12.5,28.75,13,179400,"56,18%",216900,"67,93%"
2015,SUDESTE,MG,315670,SABARÁ,133528,11,0,23.7,25.5,24,37950,"28,42%",109050,"81,67%"
2015,SUDESTE,MG,315780,SANTA LUZIA,214830,40,0,4.71,7,5,138000,"64,24%",152130,"70,81%"
2015,SUDESTE,MG,316860,TEÓFILO OTONI,140567,31,0,7.75,10.25,8,106950,"76,08%",130200,"92,62%"
2015,SUDESTE,MG,317120,VESPASIANO,116506,16,0,20.83,10,10,55200,"47,38%",85200,"73,13%"
2015,CENTRO-OESTE,MS,500270,CAMPO GRANDE,843120,85,0,65.96,15.55,16,292733,"34,72%",339382.5,"40,25%"
2015,CENTRO-OESTE,MS,500370,DOURADOS,210218,42,0,9.16,2,2,144900,"68,93%",150900,"71,78%"
2015,CENTRO-OESTE,MT,510340,CUIABÁ,575480,62,0,18.4,30.9,18,213383,"37,08%",268582.5,"46,67%"
2015,NORTE,PA,150140,BELÉM,1432844,101,0,106.4,125.55,106,348450,"24,32%",667650,"46,60%"
2015,NORTE,PA,150170,BRAGANÇA,120124,25,0,4.73,2.25,2,86250,"71,80%",93000,"77,42%"
2015,NORTE,PA,150420,MARABÁ,257062,21,0,8.53,4.55,5,72450,"28,18%",86100,"33,49%"
2015,NORTE,PA,150442,MARITUBA,120305,20,0,4.16,13.15,4,69000,"57,35%",81480,"67,73%"
2015,NORTE,PA,150553,PARAUAPEBAS,183352,18,0,12.53,24.75,13,62100,"33,87%",99690,"54,37%"
2015,NORDESTE,PB,250750,JOÃO PESSOA,780738,188,0,29.98,37.6,30,648600,"83,08%",738540,"94,60%"
2015,NORDESTE,PB,251370,SANTA RITA,133927,30,0,3.43,10.35,3,103500,"77,28%",113790,"84,96%"
2015,NORDESTE,PE,260290,CABO DE SANTO AGOSTINHO,198383,39,0,8.03,13.8,8,134550,"67,82%",158640,"79,97%"
2015,NORDESTE,PE,260345,CAMARAGIBE,152840,43,0,25.66,23,23,148350,"97,06%",152840,100%
2015,NORDESTE,PE,260680,IGARASSU,110917,29,0,0.66,0.75,0,100050,"90,20%",100050,"90,20%"
2015,NORDESTE,PE,260790,JABOATÃO DOS GUARARAPES,680943,91,0,31.5,32.3,32,314640,"46,21%",409140,"60,08%"
2015,NORDESTE,PE,260960,OLINDA,388821,50,0,4.6,2.75,3,172500,"44,36%",180750,"46,49%"
2015,NORDESTE,PE,261110,PETROLINA,326017,80,0,1.16,0,0,276000,"84,66%",276000,"84,66%"
2015,NORDESTE,PE,261160,RECIFE,1608488,244,0,55.83,42.5,43,841800,"52,33%",969300,"60,26%"
2015,NORDESTE,PE,261370,SÃO LOURENÇO DA MATA,109298,25,0,2.41,1.25,1,86250,"78,91%",90000,"82,34%"
2015,NORDESTE,PI,220770,PARNAÍBA,149348,38,0,4,2.12,2,131100,"87,78%",137460,"92,04%"
2015,NORDESTE,PI,221100,TERESINA,840600,251,0,28.16,34.75,28,840600,100%,840600,100%
2015,SUL,PR,410040,ALMIRANTE TAMANDARÉ,111586,7,0,13.8,8.35,8,24150,"21,64%",49200,"44,09%"
2015,SUL,PR,410690,CURITIBA,1864416,230,40,45.98,74.72,46,794363,"42,61%",1052302.5,"56,44%"
2015,SUDESTE,RJ,330045,BELFORD ROXO,479386,39,0,11.26,7.2,7,134550,"28,07%",156150,"32,57%"
2015,SUDESTE,RJ,330170,DUQUE DE CAXIAS,878402,75,0,47.46,30.75,31,260303,"29,63%",352552.5,"40,14%"
2015,SUDESTE,RJ,330190,ITABORAÍ,227168,44,0,9.1,15.05,9,151800,"66,82%",179100,"78,84%"
2015,SUDESTE,RJ,330250,MAGÉ,233634,52,0,0,1,0,179400,"76,79%",179400,"76,79%"
2015,SUDESTE,RJ,330270,MARICÁ,143111,19,0,9.86,15.8,10,65550,"45,80%",95130,"66,47%"
2015,SUDESTE,RJ,330285,MESQUITA,170473,18,0,21.43,13.4,13,62100,"36,43%",102300,"60,01%"
2015,SUDESTE,RJ,330320,NILÓPOLIS,158299,30,0,20.53,42.3,21,103500,"65,38%",158299,100%
2015,SUDESTE,RJ,330330,NITERÓI,495470,93,0,20.93,16.15,16,320850,"64,76%",369300,"74,54%"
2015,SUDESTE,RJ,330350,NOVA IGUAÇU,806177,86,0,42.86,55.45,43,296700,"36,80%",425280,"52,75%"
2015,SUDESTE,RJ,330414,QUEIMADOS,142709,12,0,6.73,2.5,3,40365,"28,28%",47865,"33,54%"
2015,SUDESTE,RJ,330420,RESENDE,124316,26,0,7.5,6.5,7,89700,"72,15%",109200,"87,84%"
2015,SUDESTE,RJ,330455,RIO DE JANEIRO,6453682,824,52,183.86,400.62,184,2843318,"44,06%",3550897.5,"55,02%"
2015,SUDESTE,RJ,330490,SÃO GONÇALO,1031903,135,0,47.66,63.45,48,465750,"45,14%",608730,"58,99%"
2015,SUDESTE,RJ,330510,SÃO JOÃO DE MERITI,460711,46,0,9.63,9.7,10,158700,"34,45%",187590,"40,72%"
2015,NORDESTE,RN,240810,"NATAL",862044,117,0,44.33,48.2,44,403650,"46,82%",536640,"62,25%"
2015,NORDESTE,RN,240325,PARNAMIRIM,235983,49,0,8.41,12.75,8,169050,"71,64%",194280,"82,33%"
2015,NORTE,RO,110012,JI-PARANÁ,129242,29,0,8.33,3,3,100050,"77,41%",109050,"84,38%"
2015,NORTE,RR,140010,BOA VISTA,314900,54,0,22.08,17,17,186300,"59,16%",237300,"75,36%"
2015,SUL,RS,430060,ALVORADA,205683,29,0,0.16,0,0,100050,"48,64%",100050,"48,64%"
2015,SUL,RS,430210,BENTO GONÇALVES,112318,11,0,8.8,9.15,9,37950,"33,79%",64350,"57,29%"
2015,SUL,RS,430460,CANOAS,339979,62,2,12.76,17,13,213383,"62,76%",257662.5,"75,79%"
2015,SUL,RS,430510,CAXIAS DO SUL,470223,41,0,40.75,42.57,41,140415,"29,86%",262665,"55,86%"
2015,SUL,RS,431410,PASSO FUNDO,195620,15,0,12.63,18.92,13,51750,"26,45%",89640,"45,82%"
2015,SUL,RS,431490,PORTO ALEGRE,1472482,178,76,33.23,35,33,612720,"41,61%",940410,"63,87%"
2015,SUL,RS,431560,RIO GRANDE,207036,33,0,11.28,19.8,11,112470,"54,32%",146310,"70,67%"
2015,SUL,RS,431680,SANTA CRUZ DO SUL,125353,17,0,9.23,10.8,9,58650,"46,79%",86340,"68,88%"
2015,SUL,RS,431690,SANTA MARIA,274838,14,0,40.88,42.05,41,48300,"17,57%",170940,"62,20%"
2015,SUL,RS,431870,SÃO LEOPOLDO,226988,12,0,18.26,10.1,10,41400,"18,24%",71700,"31,59%"
2015,SUL,RS,432000,SAPUCAIA DO SUL,137750,19,0,16.73,18.1,17,65550,"47,59%",115740,"84,02%"
2015,SUL,RS,432300,VIAMÃO,251033,26,0,8.91,7,7,89700,"35,73%",110700,"44,10%"
2015,SUL,SC,420540,FLORIANÓPOLIS,461524,133,0,19.5,32.8,20,458850,"99,42%",461524,100%
2015,SUL,SC,421190,PALHOÇA,154244,32,0,16,9.5,10,110400,"71,57%",138900,"90,05%"
2015,SUL,SC,421660,SÃO JOSÉ,228561,37,0,17.81,13.5,14,127650,"55,85%",168150,"73,57%"
2015,NORDESTE,SE,280030,ARACAJU,623766,137,0,26.71,16.75,17,472650,"75,77%",522900,"83,83%"
2015,NORDESTE,SE,280480,NOSSA SENHORA DO SOCORRO,174974,59,0,3.33,3,3,174974,100%,174974,100%
2015,SUDESTE,SP,350600,BAURU,364562,13,0,38.78,34.25,34,44850,"12,30%",147600,"40,49%"
2015,SUDESTE,SP,350750,BOTUCATU,137899,12,3,12.26,10.8,11,41400,"30,02%",82800,"60,04%"
2015,SUDESTE,SP,351350,CUBATÃO,126105,16,0,17.83,8.25,8,55200,"43,77%",79950,"63,40%"
2015,SUDESTE,SP,351870,GUARUJÁ,308989,38,0,33.03,22.62,23,131100,"42,43%",198960,"64,39%"
2015,SUDESTE,SP,352230,ITAPETININGA,155436,10,0,13.61,33.07,14,34500,"22,20%",75330,"48,46%"
2015,SUDESTE,SP,352310,ITAQUAQUECETUBA,348739,16,0,19.46,18.75,19,55200,"15,83%",111450,"31,96%"
2015,SUDESTE,SP,353470,OURINHOS,109489,5,0,15.85,20.5,16,17250,"15,76%",64800,"59,18%"
2015,SUDESTE,SP,354100,PRAIA GRANDE,293695,54,0,14.8,6,6,186300,"63,43%",204300,"69,56%"
2015,SUDESTE,SP,355030,SÃO PAULO,11895893,1090,46,901.31,1086.55,901,3761535,"31,62%",6603465,"55,51%"
2015,NORTE,TO,170210,ARAGUAÍNA,167176,40,0,1.33,4,1,138000,"82,55%",141990,"84,93%"
2015,NORTE,TO,172100,PALMAS,265409,65,0,6.86,21.45,7,224250,"84,49%",244830,"92,25%"
2016,NORTE,AC,120040,RIO BRANCO,370550,59,10,13.5,23.5,14,203550,"54,93%",274050,"73,96%"
2016,NORDESTE,AL,270430,MACEIÓ,1013773,86,0,62,55.2,55,296700,"29,27%",462300,"45,60%"
2016,NORTE,AM,130260,MANAUS,2057711,172,20,100.5,96.2,96,594090,"28,87%",942690,"45,81%"
2016,NORTE,AP,160030,MACAPÁ,456171,73,0,50.93,72.75,51,251850,"55,21%",404640,"88,70%"
2016,NORDESTE,BA,290570,CAMAÇARI,286919,45,0,22.33,31.25,22,155250,"54,11%",222240,"77,46%"
2016,NORDESTE,BA,292530,PORTO SEGURO,145431,36,0,3.5,7,4,124200,"85,40%",134700,"92,62%"
2016,NORDESTE,BA,292740,SALVADOR,2921087,237,0,96.11,158.75,96,817650,"27,99%",1105980,"37,86%"
2016,NORDESTE,BA,293135,TEIXEIRA DE FREITAS,157804,41,0,1.33,1,1,141450,"89,64%",144450,"91,54%"
2016,NORDESTE,CE,230370,CAUCAIA,353932,54,0,10,4,4,186300,"52,64%",198300,"56,03%"
2016,NORDESTE,CE,230440,FORTALEZA,2591188,354,0,152.9,161.75,153,1221300,"47,13%",1680000,"64,84%"
2016,NORDESTE,CE,230765,MARACANAÚ,221504,56,0,5.33,4.5,5,193200,"87,22%",206700,"93,32%"
2016,CENTRO-OESTE,DF,530010,BRASÍLIA,2914830,247,6,302.45,427.62,302,852150,"29,23%",1777500,"60,98%"
2016,SUDESTE,ES,320130,CARIACICA,381802,5,0,72,19.75,20,17250,"4,52%",76500,"20,04%"
2016,SUDESTE,ES,320240,GUARAPARI,119802,19,0,1.63,0.3,0,65550,"54,72%",65550,"54,72%"
2016,SUDESTE,ES,320320,LINHARES,163662,27,0,13.16,0,0,93150,"56,92%",93150,"56,92%"
2016,SUDESTE,ES,320490,SÃO MATEUS,124575,18,0,13.9,2.75,3,62100,"49,85%",70350,"56,47%"
2016,SUDESTE,ES,320500,SERRA,485376,44,0,74.63,24.75,25,151800,"31,27%",226050,"46,57%"
2016,SUDESTE,ES,320520,VILA VELHA,472762,30,0,40.5,48,41,103500,"21,89%",225000,"47,59%"
2016,SUDESTE,ES,320530,VITÓRIA,355875,79,0,37.56,17.5,18,272033,"76,44%",324532.5,"91,19%"
2016,CENTRO-OESTE,GO,520870,GOIÂNIA,1430697,168,0,84.13,87.27,84,579600,"40,51%",831990,"58,15%"
2016,CENTRO-OESTE,GO,521250,LUZIÂNIA,194039,19,0,5.43,5.75,5,65550,"33,78%",81840,"42,18%"
2016,NORDESTE,MA,210750,PAÇO DO LUMIAR,117877,22,0,1.33,3.75,1,75900,"64,39%",79890,"67,77%"
2016,NORDESTE,MA,211130,SÃO LUÍS,1073893,109,0,35.45,95.25,35,376050,"35,02%",482400,"44,92%"
2016,NORDESTE,MA,211220,TIMON,164869,56,0,2,3,2,164869,100%,164869,100%
2016,SUDESTE,MG,310620,BELO HORIZONTE,2502557,566,0,210.86,228.05,211,1953390,"78,06%",2502557,100%
2016,SUDESTE,MG,312770,GOVERNADOR VALADARES,278363,59,0,13,10,10,203550,"73,12%",233550,"83,90%"
2016,SUDESTE,MG,313670,JUIZ DE FORA,555284,94,0,38.96,40.75,39,324300,"58,40%",441180,"79,45%"
2016,SUDESTE,MG,315460,RIBEIRÃO DAS NEVES,322659,54,0,14.2,32.5,14,186300,"57,74%",228900,"70,94%"
2016,SUDESTE,MG,315670,SABARÁ,134382,11,0,17.43,19.25,17,37950,"28,24%",90240,"67,15%"
2016,SUDESTE,MG,315780,SANTA LUZIA,216254,40,0,3.71,6,4,138000,"63,81%",149130,"68,96%"
2016,SUDESTE,MG,316860,TEÓFILO OTONI,141046,31,0,7.41,10.5,7,106950,"75,83%",129180,"91,59%"
2016,SUDESTE,MG,317120,VESPASIANO,118557,17,0,30.5,13,13,58650,"49,47%",97650,"82,37%"
2016,CENTRO-OESTE,MS,500270,CAMPO GRANDE,853622,86,0,66.73,9.8,10,295148,"34,58%",324547.5,"38,02%"
2016,CENTRO-OESTE,MS,500370,DOURADOS,212870,42,0,9.5,2,2,144900,"68,07%",150900,"70,89%"
2016,CENTRO-OESTE,MT,510340,CUIABÁ,580489,68,0,27.75,15.9,16,234083,"40,33%",281782.5,"48,54%"
2016,NORTE,PA,150140,BELÉM,1439561,103,0,108.81,124.05,109,355350,"24,68%",681780,"47,36%"
2016,NORTE,PA,150170,BRAGANÇA,121528,30,0,1.06,1.75,1,103500,"85,17%",106680,"87,78%"
2016,NORTE,PA,150420,MARABÁ,262085,29,0,5.53,5.8,6,100050,"38,17%",116640,"44,50%"
2016,NORTE,PA,150442,MARITUBA,122916,21,0,3.5,12.15,4,72450,"58,94%",82950,"67,49%"
2016,NORTE,PA,150553,PARAUAPEBAS,189921,21,0,14.51,9,9,72450,"38,15%",99450,"52,36%"
2016,NORDESTE,PB,250750,JOÃO PESSOA,791438,194,0,29.76,32.85,30,669300,"84,57%",758580,"95,85%"
2016,NORDESTE,PB,251370,SANTA RITA,134940,28,0,2.43,6.35,2,96600,"71,59%",103890,"76,99%"
2016,NORDESTE,PE,260290,CABO DE SANTO AGOSTINHO,200546,40,0,8.7,18.8,9,138000,"68,81%",164100,"81,83%"
2016,NORDESTE,PE,260345,CAMARAGIBE,154054,43,0,36.33,23,23,148350,"96,30%",154054,100%
2016,NORDESTE,PE,260680,IGARASSU,112463,23,0,3.26,3.25,3,79350,"70,56%",89100,"79,23%"
2016,NORDESTE,PE,260790,JABOATÃO DOS GUARARAPES,686122,101,0,26.83,19.05,19,348450,"50,79%",405600,"59,11%"
2016,NORDESTE,PE,260960,OLINDA,389494,47,0,5.33,2,2,162150,"41,63%",168150,"43,17%"
2016,NORDESTE,PE,261110,PETROLINA,331951,87,0,2,1,1,298770,90%,301770,"90,91%"
2016,NORDESTE,PE,261160,RECIFE,1617183,266,0,49.06,36.75,37,917700,"56,75%",1027950,"63,56%"
2016,NORDESTE,PE,261370,SÃO LOURENÇO DA MATA,110264,24,0,2.41,1.25,1,82800,"75,09%",86550,"78,49%"
2016,NORDESTE,PI,220770,PARNAÍBA,149803,36,0,1.33,4.12,1,124200,"82,91%",128190,"85,57%"
2016,NORDESTE,PI,221100,TERESINA,844245,253,0,23.33,32.75,23,844245,100%,844245,100%
2016,SUL,PR,410040,ALMIRANTE TAMANDARÉ,112870,7,0,10.1,10.75,10,24150,"21,40%",54450,"48,24%"
2016,SUL,PR,410690,CURITIBA,1879355,221,33,61.18,102.12,61,760898,"40,49%",1043437.5,"55,52%"
2016,SUDESTE,RJ,330045,BELFORD ROXO,481127,42,0,9.6,8.6,9,144900,"30,12%",170700,"35,48%"
2016,SUDESTE,RJ,330170,DUQUE DE CAXIAS,882729,59,0,43.16,34,34,205103,"23,24%",307102.5,"34,79%"
2016,SUDESTE,RJ,330190,ITABORAÍ,229007,45,0,7.1,11.75,7,155250,"67,79%",176550,"77,09%"
2016,SUDESTE,RJ,330250,MAGÉ,234809,56,0,0,0,0,193200,"82,28%",193200,"82,28%"
2016,SUDESTE,RJ,330270,MARICÁ,146549,21,0,9.8,14.8,10,72450,"49,44%",101850,"69,50%"
2016,SUDESTE,RJ,330285,MESQUITA,170751,16,0,21.16,16.7,17,55200,"32,33%",105300,"61,67%"
2016,SUDESTE,RJ,330320,NILÓPOLIS,158309,30,0,24.7,43.3,25,103500,"65,38%",158309,100%
2016,SUDESTE,RJ,330330,NITERÓI,496696,90,0,28.86,20.07,20,310500,"62,51%",370710,"74,64%"
2016,SUDESTE,RJ,330350,NOVA IGUAÇU,807492,79,0,53,63.1,53,272550,"33,75%",431550,"53,44%"
2016,SUDESTE,RJ,330414,QUEIMADOS,143632,12,0,9.06,3.25,3,40883,"28,46%",50632.5,"35,25%"
2016,SUDESTE,RJ,330420,RESENDE,125214,28,0,5.95,5.1,5,96600,"77,15%",111900,"89,37%"
2016,SUDESTE,RJ,330455,RIO DE JANEIRO,6476631,1116,25,172.53,377.35,173,3851408,"59,47%",4443997.5,"68,62%"
2016,SUDESTE,RJ,330490,SÃO GONÇALO,1038081,193,0,59.46,76.9,59,665850,"64,14%",844230,"81,33%"
2016,SUDESTE,RJ,330510,SÃO JOÃO DE MERITI,460625,42,0,8.8,11.7,9,144900,"31,46%",171300,"37,19%"
2016,NORDESTE,RN,240810,"NATAL",869954,97,0,46.16,77.2,46,334650,"38,47%",473130,"54,39%"
2016,NORDESTE,RN,240325,PARNAMIRIM,242384,52,0,6.55,14.25,7,179400,"74,01%",199050,"82,12%"
2016,NORTE,RO,110012,JI-PARANÁ,130419,26,0,8,4,4,89700,"68,78%",101700,"77,98%"
2016,NORTE,RR,140010,BOA VISTA,320714,56,0,13.16,9.5,10,193200,"60,24%",221700,"69,13%"
2016,SUL,RS,430060,ALVORADA,206561,29,0,0,1,0,100050,"48,44%",100050,"48,44%"
2016,SUL,RS,430210,BENTO GONÇALVES,113287,11,0,6.8,10.25,7,37950,"33,50%",58350,"51,51%"
2016,SUL,RS,430460,CANOAS,341343,62,2,21.2,22.25,21,214590,"62,87%",284190,"83,26%"
2016,SUL,RS,430510,CAXIAS DO SUL,474853,41,1,39.08,34.55,35,140933,"29,68%",247582.5,"52,14%"
2016,SUL,RS,431410,PASSO FUNDO,196739,15,0,16.05,20.25,16,51750,"26,30%",99900,"50,78%"
2016,SUL,RS,431490,PORTO ALEGRE,1476867,194,45,59.46,73.17,59,668610,"45,27%",981990,"66,49%"
2016,SUL,RS,431560,RIO GRANDE,207860,35,0,12.85,22,13,119370,"57,43%",157920,"75,97%"
2016,SUL,RS,431680,SANTA CRUZ DO SUL,126084,22,0,10.76,13.15,11,75900,"60,20%",108180,"85,80%"
2016,SUL,RS,431690,SANTA MARIA,276108,16,0,27.2,34,27,55200,"19,99%",136800,"49,55%"
2016,SUL,RS,431870,SÃO LEOPOLDO,228370,13,0,19.45,10.35,10,44850,"19,64%",75900,"33,24%"
2016,SUL,RS,432000,SAPUCAIA DO SUL,138357,22,0,8.36,13.4,8,75900,"54,86%",100980,"72,99%"
2016,SUL,RS,432300,VIAMÃO,251978,26,0,7.45,5.75,6,89700,"35,60%",106950,"42,44%"
2016,SUL,SC,420540,FLORIANÓPOLIS,469690,140,0,16.66,31.8,17,469690,100%,469690,100%
2016,SUL,SC,421190,PALHOÇA,157833,34,0,12.5,19.25,13,117300,"74,32%",154800,"98,08%"
2016,SUL,SC,421660,SÃO JOSÉ,232309,39,0,22.06,16.1,16,134550,"57,92%",182850,"78,71%"
2016,NORDESTE,SE,280030,ARACAJU,632744,130,0,25.06,17,17,447810,"70,77%",498810,"78,83%"
2016,NORDESTE,SE,280480,NOSSA SENHORA DO SOCORRO,177344,57,0,5,2,2,177344,100%,177344,100%
2016,SUDESTE,SP,350600,BAURU,366992,13,0,40.23,38,38,44850,"12,22%",158850,"43,28%"
2016,SUDESTE,SP,350750,BOTUCATU,139483,12,3,20.7,11.35,11,41400,"29,68%",84450,"60,55%"
2016,SUDESTE,SP,351350,CUBATÃO,127006,17,0,17.86,10,10,58650,"46,18%",88650,"69,80%"
2016,SUDESTE,SP,351870,GUARUJÁ,311230,40,0,30.38,25.37,25,138000,"44,34%",214110,"68,79%"
2016,SUDESTE,SP,352230,ITAPETININGA,157016,14,0,19.26,34.7,19,49335,"31,42%",107115,"68,22%"
2016,SUDESTE,SP,352310,ITAQUAQUECETUBA,352801,15,0,22.06,20,20,51750,"14,67%",111750,"31,68%"
2016,SUDESTE,SP,353470,OURINHOS,110282,5,0,14.33,19.25,14,17250,"15,64%",60240,"54,62%"
2016,SUDESTE,SP,354100,PRAIA GRANDE,299261,78,0,14.76,10,10,268065,"89,58%",298065,"99,60%"
2016,SUDESTE,SP,355030,SÃO PAULO,11967825,1186,33,1029.03,1145.5,1029,4092563,"34,20%",7278652.5,"60,82%"
2016,NORTE,TO,170210,ARAGUAÍNA,170183,35,0,3.33,5,3,120750,"70,95%",130740,"76,82%"
2016,NORTE,TO,172100,PALMAS,272726,82,0,9.58,22.5,10,272726,100%,272726,100%
2017,NORTE,AC,120040,RIO BRANCO,377057,62,6,22.43,29.25,22,213900,"56,73%",299190,"79,35%"
2017,NORDESTE,AL,270430,MACEIÓ,1021709,83,0,55.2,57.45,55,286350,"28,03%",451950,"44,23%"
2017,NORTE,AM,130260,MANAUS,2094391,165,3,96.66,93.25,93,568733,"27,16%",857482.5,"40,94%"
2017,NORTE,AP,160030,MACAPÁ,465495,28,0,30.06,50.75,30,96600,"20,75%",186780,"40,13%"
2017,NORDESTE,BA,290570,CAMAÇARI,292074,55,0,18.66,22.75,19,189750,"64,97%",245730,"84,13%"
2017,NORDESTE,BA,292530,PORTO SEGURO,147444,39,0,3.16,6,3,134550,"91,25%",144030,"97,68%"
2017,NORDESTE,BA,292740,SALVADOR,2938092,236,0,96.28,187.05,96,814200,"27,71%",1103040,"37,54%"
2017,NORDESTE,BA,293135,TEIXEIRA DE FREITAS,159813,41,0,0.66,4,0,141450,"88,51%",141450,"88,51%"
2017,NORDESTE,CE,230370,CAUCAIA,358164,71,0,1.66,4.75,2,244950,"68,39%",249930,"69,78%"
2017,NORDESTE,CE,230440,FORTALEZA,2609716,382,0,83.53,122.12,84,1317383,"50,48%",1567972.5,"60,08%"
2017,NORDESTE,CE,230765,MARACANAÚ,223188,55,0,4.66,5,5,189750,"85,02%",203730,"91,28%"
2017,CENTRO-OESTE,DF,530010,BRASÍLIA,2977216,290,0,245.41,335.15,245,1000500,"33,61%",1736730,"58,33%"
2017,SUDESTE,ES,320130,CARIACICA,384621,0,0,43,11.75,12,0,0%,35250,"9,16%"
2017,SUDESTE,ES,320240,GUARAPARI,121506,17,0,0.88,4.3,0,58650,"48,27%",58650,"48,27%"
2017,SUDESTE,ES,320320,LINHARES,166491,28,0,13.5,6.75,7,96600,"58,02%",116850,"70,18%"
2017,SUDESTE,ES,320490,SÃO MATEUS,126437,29,0,4.66,3.25,3,100050,"79,13%",109800,"86,84%"
2017,SUDESTE,ES,320500,SERRA,494109,41,0,65.33,36.5,37,141450,"28,63%",250950,"50,79%"
2017,SUDESTE,ES,320520,VILA VELHA,479664,31,0,43.33,37.75,38,106950,"22,30%",220200,"45,91%"
2017,SUDESTE,ES,320530,VITÓRIA,359555,76,0,42.06,21.7,22,262200,"72,92%",327300,"91,03%"
2017,CENTRO-OESTE,GO,520870,GOIÂNIA,1448639,188,0,88.46,72.3,72,648600,"44,77%",865500,"59,75%"
2017,CENTRO-OESTE,GO,521250,LUZIÂNIA,196864,18,0,10.1,5.75,6,62100,"31,54%",79350,"40,31%"
2017,NORDESTE,MA,210750,PAÇO DO LUMIAR,119915,22,0,0,4.5,0,75900,"63,29%",75900,"63,29%"
2017,NORDESTE,MA,211130,SÃO LUÍS,1082935,110,0,37.78,91.25,38,379500,"35,04%",492840,"45,51%"
2017,NORDESTE,MA,211220,TIMON,166295,55,0,0.33,1,0,166295,100%,166295,100%
2017,SUDESTE,MG,310620,BELO HORIZONTE,2513451,576,0,201.8,170.3,170,1987890,"79,09%",2498790,"99,42%"
2017,SUDESTE,MG,312770,GOVERNADOR VALADARES,279665,60,0,15.56,13.25,13,207000,"74,02%",246750,"88,23%"
2017,SUDESTE,MG,313670,JUIZ DE FORA,559636,94,0,35.85,42,36,324300,"57,95%",431850,"77,17%"
2017,SUDESTE,MG,315460,RIBEIRÃO DAS NEVES,325846,53,0,24.73,34.25,25,182850,"56,12%",257040,"78,88%"
2017,SUDESTE,MG,315670,SABARÁ,135196,14,0,17.16,15.75,16,48300,"35,73%",95550,"70,68%"
2017,SUDESTE,MG,315780,SANTA LUZIA,217610,38,0,3.05,2,2,131100,"60,25%",137100,63%
2017,SUDESTE,MG,316860,TEÓFILO OTONI,141502,35,0,4.73,11,5,120750,"85,33%",134940,"95,36%"
2017,SUDESTE,MG,317120,VESPASIANO,120510,18,0,37.73,12.25,12,62100,"51,53%",98850,"82,03%"
2017,CENTRO-OESTE,MS,500270,CAMPO GRANDE,863982,95,0,57.26,19,19,328268,"37,99%",385267.5,"44,59%"
2017,CENTRO-OESTE,MS,500370,DOURADOS,215486,45,0,8.03,7,7,155250,"72,05%",176250,"81,79%"
2017,CENTRO-OESTE,MT,510340,CUIABÁ,585367,72,0,29.41,17.65,18,248400,"42,43%",301350,"51,48%"
2017,NORTE,PA,150140,BELÉM,1446042,106,0,113.93,105.8,106,365700,"25,29%",683100,"47,24%"
2017,NORTE,PA,150170,BRAGANÇA,122881,39,0,1.33,5.75,1,122881,100%,122881,100%
2017,NORTE,PA,150420,MARABÁ,266932,25,0,5.2,7.25,5,86768,"32,51%",102367.5,"38,35%"
2017,NORTE,PA,150442,MARITUBA,125435,21,0,2.33,8.4,2,72450,"57,76%",79440,"63,33%"
2017,NORTE,PA,150553,PARAUAPEBAS,196259,33,0,8.73,6,6,113850,"58,01%",131850,"67,18%"
2017,NORDESTE,PB,250750,JOÃO PESSOA,801718,192,0,26.5,24.15,24,662400,"82,62%",734850,"91,66%"
2017,NORDESTE,PB,251370,SANTA RITA,135915,33,0,1.33,7.7,1,113850,"83,77%",117840,"86,70%"
2017,NORDESTE,PE,260290,CABO DE SANTO AGOSTINHO,202636,42,0,18.63,22.8,19,144900,"71,51%",200790,"99,09%"
2017,NORDESTE,PE,260345,CAMARAGIBE,155228,45,0,2,1,1,155228,100%,155228,100%
2017,NORDESTE,PE,260680,IGARASSU,113956,28,0,1.83,3.75,2,96600,"84,77%",102090,"89,59%"
2017,NORDESTE,PE,260790,JABOATÃO DOS GUARARAPES,691125,101,0,30.5,15.5,16,348450,"50,42%",394950,"57,15%"
2017,NORDESTE,PE,260960,OLINDA,390144,43,0,3.8,2.75,3,148350,"38,02%",156600,"40,14%"
2017,NORDESTE,PE,261110,PETROLINA,337683,90,0,2,1,1,310500,"91,95%",313500,"92,84%"
2017,NORDESTE,PE,261160,RECIFE,1625583,268,0,55.76,43.25,43,924600,"56,88%",1054350,"64,86%"
2017,NORDESTE,PE,261370,SÃO LOURENÇO DA MATA,111197,25,0,2.66,3.25,3,86250,"77,57%",94230,"84,74%"
2017,NORDESTE,PI,220770,PARNAÍBA,150201,38,0,3,2.12,2,131100,"87,28%",137460,"91,52%"
2017,NORDESTE,PI,221100,TERESINA,847430,249,0,25.66,27.75,26,847430,100%,847430,100%
2017,SUL,PR,410040,ALMIRANTE TAMANDARÉ,114129,3,0,13.33,14.75,13,10350,"9,07%",50340,"44,11%"
2017,SUL,PR,410690,CURITIBA,1893997,211,36,53.03,106.92,53,728813,"38,48%",995902.5,"52,58%"
2017,SUDESTE,RJ,330045,BELFORD ROXO,494141,40,0,12.26,15.1,12,138000,"27,93%",174780,"35,37%"
2017,SUDESTE,RJ,330170,DUQUE DE CAXIAS,886917,71,0,53.03,39.9,40,243570,"27,46%",363270,"40,96%"
2017,SUDESTE,RJ,330190,ITABORAÍ,230786,42,0,8.7,14.15,9,144900,"62,79%",171000,"74,09%"
2017,SUDESTE,RJ,330250,MAGÉ,236319,41,0,0,0,0,141450,"59,86%",141450,"59,86%"
2017,SUDESTE,RJ,330270,MARICÁ,149876,25,0,18.03,11.2,11,86250,"57,55%",119850,"79,97%"
2017,SUDESTE,RJ,330285,MESQUITA,171020,18,0,14.73,26.8,15,62100,"36,31%",106290,"62,15%"
2017,SUDESTE,RJ,330320,NILÓPOLIS,158319,30,0,25.33,40.8,25,103500,"65,37%",158319,100%
2017,SUDESTE,RJ,330330,NITERÓI,497883,95,0,26.8,18.3,18,327750,"65,83%",382650,"76,86%"
2017,SUDESTE,RJ,330350,NOVA IGUAÇU,797435,85,0,42.76,45.55,43,293250,"36,77%",421530,"52,86%"
2017,SUDESTE,RJ,330414,QUEIMADOS,144525,9,0,9.4,3.25,3,31050,"21,48%",40800,"28,23%"
2017,SUDESTE,RJ,330420,RESENDE,126084,28,0,6.15,9.6,6,96600,"76,62%",115050,"91,25%"
2017,SUDESTE,RJ,330455,RIO DE JANEIRO,6498837,1181,22,157.01,365.2,157,4073415,"62,68%",4610445,"70,94%"
2017,SUDESTE,RJ,330490,SÃO GONÇALO,1044058,203,0,58.95,94.5,59,700350,"67,08%",877200,"84,02%"
2017,SUDESTE,RJ,330510,SÃO JOÃO DE MERITI,460541,65,0,8.1,15,8,224250,"48,69%",248550,"53,97%"
2017,NORDESTE,RN,240810,"NATAL",877662,77,0,38.5,88.5,39,265133,"30,21%",380632.5,"43,37%"
2017,NORDESTE,RN,240325,PARNAMIRIM,248623,54,0,11.11,16.25,11,186300,"74,93%",219630,"88,34%"
2017,NORTE,RO,110012,JI-PARANÁ,131560,25,0,11.83,3.5,4,86250,"65,56%",96750,"73,54%"
2017,NORTE,RR,140010,BOA VISTA,326419,51,0,15.06,11.37,11,175950,"53,90%",210060,"64,35%"
2017,SUL,RS,430060,ALVORADA,207392,30,0,0,2,0,103500,"49,91%",103500,"49,91%"
2017,SUL,RS,430210,BENTO GONÇALVES,114203,12,0,6.66,12.2,7,41400,"36,25%",61380,"53,75%"
2017,SUL,RS,430460,CANOAS,342634,60,0,18.16,40.05,18,207000,"60,41%",261480,"76,31%"
2017,SUL,RS,430510,CAXIAS DO SUL,479236,46,0,35.11,34.35,34,157320,"32,83%",260370,"54,33%"
2017,SUL,RS,431410,PASSO FUNDO,197798,14,0,14.08,23.25,14,48300,"24,42%",90540,"45,77%"
2017,SUL,RS,431490,PORTO ALEGRE,1481019,203,41,68.06,71.8,68,700868,"47,32%",1028047.5,"69,41%"
2017,SUL,RS,431560,RIO GRANDE,208641,35,0,16.53,26.55,17,120233,"57,63%",169822.5,"81,39%"
2017,SUL,RS,431680,SANTA CRUZ DO SUL,126775,23,0,7.9,11.67,8,79350,"62,59%",103050,"81,29%"
2017,SUL,RS,431690,SANTA MARIA,277309,19,0,14.8,36.75,15,65550,"23,64%",109950,"39,65%"
2017,SUL,RS,431870,SÃO LEOPOLDO,229678,13,0,14.2,9.6,10,44850,"19,53%",73650,"32,07%"
2017,SUL,RS,432000,SAPUCAIA DO SUL,138933,23,0,11.43,10.9,11,79350,"57,11%",112050,"80,65%"
2017,SUL,RS,432300,VIAMÃO,252872,31,0,18.11,13.75,14,106950,"42,29%",148200,"58,61%"
2017,SUL,SC,420540,FLORIANÓPOLIS,477798,124,0,32.46,53.2,32,427800,"89,54%",477798,100%
2017,SUL,SC,421190,PALHOÇA,161395,35,0,2.2,7.75,2,120750,"74,82%",127350,"78,91%"
2017,SUL,SC,421660,SÃO JOSÉ,236029,43,0,21.76,10.5,11,148350,"62,85%",179850,"76,20%"
2017,NORDESTE,SE,280030,ARACAJU,641523,123,0,27.43,17.25,17,422970,"65,93%",474720,74%
2017,NORDESTE,SE,280480,NOSSA SENHORA DO SOCORRO,179661,58,0,1,3,1,179661,100%,179661,100%
2017,SUDESTE,SP,350600,BAURU,369368,13,0,46.71,38,38,44850,"12,14%",158850,"43,01%"
2017,SUDESTE,SP,350750,BOTUCATU,141032,16,8,0.26,0.22,0,55200,"39,14%",79200,"56,16%"
2017,SUDESTE,SP,351350,CUBATÃO,127887,18,0,16.96,4.5,5,62100,"48,56%",75600,"59,11%"
2017,SUDESTE,SP,351870,GUARUJÁ,313421,42,0,31,16.75,17,144900,"46,23%",195150,"62,26%"
2017,SUDESTE,SP,352230,ITAPETININGA,158561,15,0,12.81,22,13,51578,"32,53%",90007.5,"56,77%"
2017,SUDESTE,SP,352310,ITAQUAQUECETUBA,356774,21,0,23.86,15.75,16,72450,"20,31%",119700,"33,55%"
2017,SUDESTE,SP,353470,OURINHOS,111056,4,0,14.76,18.65,15,13800,"12,43%",58080,"52,30%"
2017,SUDESTE,SP,354100,PRAIA GRANDE,304705,77,0,20.46,8,8,265133,"87,01%",289132.5,"94,89%"
2017,SUDESTE,SP,355030,SÃO PAULO,12038175,1233,21,954.81,1054.8,955,4254885,"35,34%",7182315,"59,66%"
2017,NORTE,TO,170210,ARAGUAÍNA,173112,35,0,0.33,10,0,120750,"69,75%",120750,"69,75%"
2017,NORTE,TO,172100,PALMAS,279856,86,0,17.51,28.62,18,279856,100%,279856,100%
2017,NORTE,AC,120040,RIO BRANCO,377057,62,6,22.43,29.25,22,213900,"56,73%",299190,"79,35%"
2017,NORDESTE,AL,270430,MACEIÓ,1021709,83,0,55.2,57.45,55,286350,"28,03%",451950,"44,23%"
2017,NORTE,AM,130260,MANAUS,2094391,165,3,96.66,93.25,93,568733,"27,16%",857482.5,"40,94%"
2017,NORTE,AP,160030,MACAPÁ,465495,28,0,30.06,50.75,30,96600,"20,75%",186780,"40,13%"
2017,NORDESTE,BA,290570,CAMAÇARI,292074,55,0,18.66,22.75,19,189750,"64,97%",245730,"84,13%"
2017,NORDESTE,BA,292530,PORTO SEGURO,147444,39,0,3.16,6,3,134550,"91,25%",144030,"97,68%"
2017,NORDESTE,BA,292740,SALVADOR,2938092,236,0,96.28,187.05,96,814200,"27,71%",1103040,"37,54%"
2017,NORDESTE,BA,293135,TEIXEIRA DE FREITAS,159813,41,0,0.66,4,0,141450,"88,51%",141450,"88,51%"
2017,NORDESTE,CE,230370,CAUCAIA,358164,71,0,1.66,4.75,2,244950,"68,39%",249930,"69,78%"
2017,NORDESTE,CE,230440,FORTALEZA,2609716,382,0,83.53,122.12,84,1317383,"50,48%",1567972.5,"60,08%"
2017,NORDESTE,CE,230765,MARACANAÚ,223188,55,0,4.66,5,5,189750,"85,02%",203730,"91,28%"
2017,CENTRO-OESTE,DF,530010,BRASÍLIA,2977216,290,0,245.41,335.15,245,1000500,"33,61%",1736730,"58,33%"
2017,SUDESTE,ES,320130,CARIACICA,384621,0,0,43,11.75,12,0,0%,35250,"9,16%"
2017,SUDESTE,ES,320240,GUARAPARI,121506,17,0,0.88,4.3,0,58650,"48,27%",58650,"48,27%"
2017,SUDESTE,ES,320320,LINHARES,166491,28,0,13.5,6.75,7,96600,"58,02%",116850,"70,18%"
2017,SUDESTE,ES,320490,SÃO MATEUS,126437,29,0,4.66,3.25,3,100050,"79,13%",109800,"86,84%"
2017,SUDESTE,ES,320500,SERRA,494109,41,0,65.33,36.5,37,141450,"28,63%",250950,"50,79%"
2017,SUDESTE,ES,320520,VILA VELHA,479664,31,0,43.33,37.75,38,106950,"22,30%",220200,"45,91%"
2017,SUDESTE,ES,320530,VITÓRIA,359555,76,0,42.06,21.7,22,262200,"72,92%",327300,"91,03%"
2017,CENTRO-OESTE,GO,520870,GOIÂNIA,1448639,188,0,88.46,72.3,72,648600,"44,77%",865500,"59,75%"
2017,CENTRO-OESTE,GO,521250,LUZIÂNIA,196864,18,0,10.1,5.75,6,62100,"31,54%",79350,"40,31%"
2017,NORDESTE,MA,210750,PAÇO DO LUMIAR,119915,22,0,0,4.5,0,75900,"63,29%",75900,"63,29%"
2017,NORDESTE,MA,211130,SÃO LUÍS,1082935,110,0,37.78,91.25,38,379500,"35,04%",492840,"45,51%"
2017,NORDESTE,MA,211220,TIMON,166295,55,0,0.33,1,0,166295,100%,166295,100%
2017,SUDESTE,MG,310620,BELO HORIZONTE,2513451,576,0,201.8,170.3,170,1987890,"79,09%",2498790,"99,42%"
2017,SUDESTE,MG,312770,GOVERNADOR VALADARES,279665,60,0,15.56,13.25,13,207000,"74,02%",246750,"88,23%"
2017,SUDESTE,MG,313670,JUIZ DE FORA,559636,94,0,35.85,42,36,324300,"57,95%",431850,"77,17%"
2017,SUDESTE,MG,315460,RIBEIRÃO DAS NEVES,325846,53,0,24.73,34.25,25,182850,"56,12%",257040,"78,88%"
2017,SUDESTE,MG,315670,SABARÁ,135196,14,0,17.16,15.75,16,48300,"35,73%",95550,"70,68%"
2017,SUDESTE,MG,315780,SANTA LUZIA,217610,38,0,3.05,2,2,131100,"60,25%",137100,63%
2017,SUDESTE,MG,316860,TEÓFILO OTONI,141502,35,0,4.73,11,5,120750,"85,33%",134940,"95,36%"
2017,SUDESTE,MG,317120,VESPASIANO,120510,18,0,37.73,12.25,12,62100,"51,53%",98850,"82,03%"
2017,CENTRO-OESTE,MS,500270,CAMPO GRANDE,863982,95,0,57.26,19,19,328268,"37,99%",385267.5,"44,59%"
2017,CENTRO-OESTE,MS,500370,DOURADOS,215486,45,0,8.03,7,7,155250,"72,05%",176250,"81,79%"
2017,CENTRO-OESTE,MT,510340,CUIABÁ,585367,72,0,29.41,17.65,18,248400,"42,43%",301350,"51,48%"
2017,NORTE,PA,150140,BELÉM,1446042,106,0,113.93,105.8,106,365700,"25,29%",683100,"47,24%"
2017,NORTE,PA,150170,BRAGANÇA,122881,39,0,1.33,5.75,1,122881,100%,122881,100%
2017,NORTE,PA,150420,MARABÁ,266932,25,0,5.2,7.25,5,86768,"32,51%",102367.5,"38,35%"
2017,NORTE,PA,150442,MARITUBA,125435,21,0,2.33,8.4,2,72450,"57,76%",79440,"63,33%"
2017,NORTE,PA,150553,PARAUAPEBAS,196259,33,0,8.73,6,6,113850,"58,01%",131850,"67,18%"
2017,NORDESTE,PB,250750,JOÃO PESSOA,801718,192,0,26.5,24.15,24,662400,"82,62%",734850,"91,66%"
2017,NORDESTE,PB,251370,SANTA RITA,135915,33,0,1.33,7.7,1,113850,"83,77%",117840,"86,70%"
2017,NORDESTE,PE,260290,CABO DE SANTO AGOSTINHO,202636,42,0,18.63,22.8,19,144900,"71,51%",200790,"99,09%"
2017,NORDESTE,PE,260345,CAMARAGIBE,155228,45,0,2,1,1,155228,100%,155228,100%
2017,NORDESTE,PE,260680,IGARASSU,113956,28,0,1.83,3.75,2,96600,"84,77%",102090,"89,59%"
2017,NORDESTE,PE,260790,JABOATÃO DOS GUARARAPES,691125,101,0,30.5,15.5,16,348450,"50,42%",394950,"57,15%"
2017,NORDESTE,PE,260960,OLINDA,390144,43,0,3.8,2.75,3,148350,"38,02%",156600,"40,14%"
2017,NORDESTE,PE,261110,PETROLINA,337683,90,0,2,1,1,310500,"91,95%",313500,"92,84%"
2017,NORDESTE,PE,261160,RECIFE,1625583,268,0,55.76,43.25,43,924600,"56,88%",1054350,"64,86%"
2017,NORDESTE,PE,261370,SÃO LOURENÇO DA MATA,111197,25,0,2.66,3.25,3,86250,"77,57%",94230,"84,74%"
2017,NORDESTE,PI,220770,PARNAÍBA,150201,38,0,3,2.12,2,131100,"87,28%",137460,"91,52%"
2017,NORDESTE,PI,221100,TERESINA,847430,249,0,25.66,27.75,26,847430,100%,847430,100%
2017,SUL,PR,410040,ALMIRANTE TAMANDARÉ,114129,3,0,13.33,14.75,13,10350,"9,07%",50340,"44,11%"
2017,SUL,PR,410690,CURITIBA,1893997,211,36,53.03,106.92,53,728813,"38,48%",995902.5,"52,58%"
2017,SUDESTE,RJ,330045,BELFORD ROXO,494141,40,0,12.26,15.1,12,138000,"27,93%",174780,"35,37%"
2017,SUDESTE,RJ,330170,DUQUE DE CAXIAS,886917,71,0,53.03,39.9,40,243570,"27,46%",363270,"40,96%"
2017,SUDESTE,RJ,330190,ITABORAÍ,230786,42,0,8.7,14.15,9,144900,"62,79%",171000,"74,09%"
2017,SUDESTE,RJ,330250,MAGÉ,236319,41,0,0,0,0,141450,"59,86%",141450,"59,86%"
2017,SUDESTE,RJ,330270,MARICÁ,149876,25,0,18.03,11.2,11,86250,"57,55%",119850,"79,97%"
2017,SUDESTE,RJ,330285,MESQUITA,171020,18,0,14.73,26.8,15,62100,"36,31%",106290,"62,15%"
2017,SUDESTE,RJ,330320,NILÓPOLIS,158319,30,0,25.33,40.8,25,103500,"65,37%",158319,100%
2017,SUDESTE,RJ,330330,NITERÓI,497883,95,0,26.8,18.3,18,327750,"65,83%",382650,"76,86%"
2017,SUDESTE,RJ,330350,NOVA IGUAÇU,797435,85,0,42.76,45.55,43,293250,"36,77%",421530,"52,86%"
2017,SUDESTE,RJ,330414,QUEIMADOS,144525,9,0,9.4,3.25,3,31050,"21,48%",40800,"28,23%"
2017,SUDESTE,RJ,330420,RESENDE,126084,28,0,6.15,9.6,6,96600,"76,62%",115050,"91,25%"
2017,SUDESTE,RJ,330455,RIO DE JANEIRO,6498837,1181,22,157.01,365.2,157,4073415,"62,68%",4610445,"70,94%"
2017,SUDESTE,RJ,330490,SÃO GONÇALO,1044058,203,0,58.95,94.5,59,700350,"67,08%",877200,"84,02%"
2017,SUDESTE,RJ,330510,SÃO JOÃO DE MERITI,460541,65,0,8.1,15,8,224250,"48,69%",248550,"53,97%"
2017,NORDESTE,RN,240810,"NATAL",877662,77,0,38.5,88.5,39,265133,"30,21%",380632.5,"43,37%"
2017,NORDESTE,RN,240325,PARNAMIRIM,248623,54,0,11.11,16.25,11,186300,"74,93%",219630,"88,34%"
2017,NORTE,RO,110012,JI-PARANÁ,131560,25,0,11.83,3.5,4,86250,"65,56%",96750,"73,54%"
2017,NORTE,RR,140010,BOA VISTA,326419,51,0,15.06,11.37,11,175950,"53,90%",210060,"64,35%"
2017,SUL,RS,430060,ALVORADA,207392,30,0,0,2,0,103500,"49,91%",103500,"49,91%"
2017,SUL,RS,430210,BENTO GONÇALVES,114203,12,0,6.66,12.2,7,41400,"36,25%",61380,"53,75%"
2017,SUL,RS,430460,CANOAS,342634,60,0,18.16,40.05,18,207000,"60,41%",261480,"76,31%"
2017,SUL,RS,430510,CAXIAS DO SUL,479236,46,0,35.11,34.35,34,157320,"32,83%",260370,"54,33%"
2017,SUL,RS,431410,PASSO FUNDO,197798,14,0,14.08,23.25,14,48300,"24,42%",90540,"45,77%"
2017,SUL,RS,431490,PORTO ALEGRE,1481019,203,41,68.06,71.8,68,700868,"47,32%",1028047.5,"69,41%"
2017,SUL,RS,431560,RIO GRANDE,208641,35,0,16.53,26.55,17,120233,"57,63%",169822.5,"81,39%"
2017,SUL,RS,431680,SANTA CRUZ DO SUL,126775,23,0,7.9,11.67,8,79350,"62,59%",103050,"81,29%"
2017,SUL,RS,431690,SANTA MARIA,277309,19,0,14.8,36.75,15,65550,"23,64%",109950,"39,65%"
2017,SUL,RS,431870,SÃO LEOPOLDO,229678,13,0,14.2,9.6,10,44850,"19,53%",73650,"32,07%"
2017,SUL,RS,432000,SAPUCAIA DO SUL,138933,23,0,11.43,10.9,11,79350,"57,11%",112050,"80,65%"
2017,SUL,RS,432300,VIAMÃO,252872,31,0,18.11,13.75,14,106950,"42,29%",148200,"58,61%"
2017,SUL,SC,420540,FLORIANÓPOLIS,477798,124,0,32.46,53.2,32,427800,"89,54%",477798,100%
2017,SUL,SC,421190,PALHOÇA,161395,35,0,2.2,7.75,2,120750,"74,82%",127350,"78,91%"
2017,SUL,SC,421660,SÃO JOSÉ,236029,43,0,21.76,10.5,11,148350,"62,85%",179850,"76,20%"
2017,NORDESTE,SE,280030,ARACAJU,641523,123,0,27.43,17.25,17,422970,"65,93%",474720,74%
2017,NORDESTE,SE,280480,NOSSA SENHORA DO SOCORRO,179661,58,0,1,3,1,179661,100%,179661,100%
2017,SUDESTE,SP,350600,BAURU,369368,13,0,46.71,38,38,44850,"12,14%",158850,"43,01%"
2017,SUDESTE,SP,350750,BOTUCATU,141032,16,8,0.26,0.22,0,55200,"39,14%",79200,"56,16%"
2017,SUDESTE,SP,351350,CUBATÃO,127887,18,0,16.96,4.5,5,62100,"48,56%",75600,"59,11%"
2017,SUDESTE,SP,351870,GUARUJÁ,313421,42,0,31,16.75,17,144900,"46,23%",195150,"62,26%"
2017,SUDESTE,SP,352230,ITAPETININGA,158561,15,0,12.81,22,13,51578,"32,53%",90007.5,"56,77%"
2017,SUDESTE,SP,352310,ITAQUAQUECETUBA,356774,21,0,23.86,15.75,16,72450,"20,31%",119700,"33,55%"
2017,SUDESTE,SP,353470,OURINHOS,111056,4,0,14.76,18.65,15,13800,"12,43%",58080,"52,30%"
2017,SUDESTE,SP,354100,PRAIA GRANDE,304705,77,0,20.46,8,8,265133,"87,01%",289132.5,"94,89%"
2017,SUDESTE,SP,355030,SÃO PAULO,12038175,1233,21,954.81,1054.8,955,4254885,"35,34%",7182315,"59,66%"
2017,NORTE,TO,170210,ARAGUAÍNA,173112,35,0,0.33,10,0,120750,"69,75%",120750,"69,75%"
2017,NORTE,TO,172100,PALMAS,279856,86,0,17.51,28.62,18,279856,100%,279856,100%
2019,NORTE,AC,120040,RIO BRANCO,401155,50,4,17.66,35.5,18,172500,43%,237480,"59,20%"
2019,NORDESTE,AL,270430,MACEIÓ,1012382,80,0,52.45,66.12,52,274620,"27,13%",431970,"42,67%"
2019,NORTE,AM,130260,MANAUS,2145444,228,0,107.4,122.07,107,786600,"36,66%",1108800,"51,68%"
2019,NORTE,AP,160030,MACAPÁ,493634,55,0,27.43,76.25,27,189750,"38,44%",272040,"55,11%"
2019,NORDESTE,BA,290570,CAMAÇARI,293723,52,0,21,41.25,21,179400,"61,08%",242400,"82,53%"
2019,NORDESTE,BA,292530,PORTO SEGURO,146625,43,0,1.16,4,1,146625,100%,146625,100%
2019,NORDESTE,BA,292740,SALVADOR,2857329,264,0,97.2,209.95,97,910800,"31,88%",1202400,"42,08%"
2019,NORDESTE,BA,293135,TEIXEIRA DE FREITAS,158445,41,0,0,1,0,141450,"89,27%",141450,"89,27%"
2019,NORDESTE,CE,230370,CAUCAIA,363982,75,0,1,3,1,258750,"71,09%",261750,"71,91%"
2019,NORDESTE,CE,230440,FORTALEZA,2643247,418,0,60.73,116,61,1442100,"54,56%",1624290,"61,45%"
2019,NORDESTE,CE,230765,MARACANAÚ,226128,64,0,6,10,6,220800,"97,64%",226128,100%
2019,CENTRO-OESTE,DF,530010,BRASÍLIA,2974703,372,0,101.33,338.85,101,1283400,"43,14%",1587390,"53,36%"
2019,SUDESTE,ES,320130,CARIACICA,378603,24,0,25.3,27.37,25,82800,"21,87%",158700,"41,92%"
2019,SUDESTE,ES,320240,GUARAPARI,122982,16,0,0.71,7.3,0,55200,"44,88%",55200,"44,88%"
2019,SUDESTE,ES,320320,LINHARES,170364,37,0,6.7,0,0,127650,"74,93%",127650,"74,93%"
2019,SUDESTE,ES,320490,SÃO MATEUS,128542,28,0,1.06,3.25,1,96600,"75,15%",99780,"77,62%"
2019,SUDESTE,ES,320500,SERRA,507598,45,0,53.3,47.75,48,155250,"30,59%",298500,"58,81%"
2019,SUDESTE,ES,320520,VILA VELHA,486208,33,0,32,51,32,113850,"23,42%",209850,"43,16%"
2019,SUDESTE,ES,320530,VITÓRIA,358267,75,0,36.13,18.95,19,258750,"72,22%",315600,"88,09%"
2019,CENTRO-OESTE,GO,520870,GOIÂNIA,1495705,193,0,96.15,73.85,74,665850,"44,52%",887400,"59,33%"
2019,CENTRO-OESTE,GO,521250,LUZIÂNIA,205023,19,0,5.66,6.75,6,65550,"31,97%",82530,"40,25%"
2019,NORDESTE,MA,210750,PAÇO DO LUMIAR,120621,20,0,1,1,1,69000,"57,20%",72000,"59,69%"
2019,NORDESTE,MA,211130,SÃO LUÍS,1094667,112,0,32.23,88.7,32,386400,"35,30%",483090,"44,13%"
2019,NORDESTE,MA,211220,TIMON,167973,57,0,0.1,0,0,167973,100%,167973,100%
2019,SUDESTE,MG,310620,BELO HORIZONTE,2501576,586,0,183.3,251.1,183,2021700,"80,82%",2501576,100%
2019,SUDESTE,MG,312770,GOVERNADOR VALADARES,278685,60,0,18.06,16.25,16,207000,"74,28%",255750,"91,77%"
2019,SUDESTE,MG,313670,JUIZ DE FORA,564310,94,0,31.53,42.75,32,324300,"57,47%",418890,"74,23%"
2019,SUDESTE,MG,315460,RIBEIRÃO DAS NEVES,331045,50,0,14.96,31.5,15,172500,"52,11%",217380,"65,66%"
2019,SUDESTE,MG,315670,SABARÁ,135421,19,0,10,6.75,7,65550,"48,40%",85800,"63,36%"
2019,SUDESTE,MG,315780,SANTA LUZIA,218147,45,0,2.7,1.25,1,155250,"71,17%",159000,"72,89%"
2019,SUDESTE,MG,316860,TEÓFILO OTONI,140235,40,0,4,8.05,4,138000,"98,41%",140235,100%
2019,SUDESTE,MG,317120,VESPASIANO,125376,15,0,36.66,17.5,18,51750,"41,28%",104250,"83,15%"
2019,CENTRO-OESTE,MS,500270,CAMPO GRANDE,885711,125,0,49.63,10,10,431250,"48,69%",461250,"52,08%"
2019,CENTRO-OESTE,MS,500370,DOURADOS,220965,40,1,7.83,12.5,8,138000,"62,45%",164490,"74,44%"
2019,CENTRO-OESTE,MT,510340,CUIABÁ,607153,74,0,19.41,38.4,19,255300,"42,05%",313530,"51,64%"
2019,NORTE,PA,150140,BELÉM,1485732,88,0,86.01,100.7,86,303600,"20,43%",561630,"37,80%"
2019,NORTE,PA,150170,BRAGANÇA,126436,49,0,1.16,5.5,1,126436,100%,126436,100%
2019,NORTE,PA,150420,MARABÁ,275086,20,0,8.33,10.5,8,69000,"25,08%",93990,"34,17%"
2019,NORTE,PA,150442,MARITUBA,129321,22,0,3,10.9,3,75900,"58,69%",84900,"65,65%"
2019,NORTE,PA,150553,PARAUAPEBAS,202882,35,0,6.06,20.25,6,120750,"59,52%",138930,"68,48%"
2019,NORDESTE,PB,250750,JOÃO PESSOA,800323,200,0,31.83,21.6,22,690000,"86,22%",754800,"94,31%"
2019,NORDESTE,PB,251370,SANTA RITA,135807,39,0,1.33,5.2,1,134550,"99,07%",135807,100%
2019,NORDESTE,PE,260290,CABO DE SANTO AGOSTINHO,205112,42,0,9,13.35,9,144900,"70,64%",171900,"83,81%"
2019,NORDESTE,PE,260345,CAMARAGIBE,156736,45,0,2,2,2,155250,"99,05%",156736,100%
2019,NORDESTE,PE,260680,IGARASSU,115640,29,0,2.66,5.6,3,100050,"86,52%",108030,"93,42%"
2019,NORDESTE,PE,260790,JABOATÃO DOS GUARARAPES,697636,104,0,25.16,32.25,25,358800,"51,43%",434280,"62,25%"
2019,NORDESTE,PE,260960,OLINDA,391835,50,0,0.8,0,0,172500,"44,02%",172500,"44,02%"
2019,NORDESTE,PE,261110,PETROLINA,343865,89,0,2.66,5,3,307050,"89,29%",315030,"91,61%"
2019,NORDESTE,PE,261160,RECIFE,1637834,262,0,48.2,65.5,48,903900,"55,19%",1048500,"64,02%"
2019,NORDESTE,PE,261370,SÃO LOURENÇO DA MATA,112362,26,0,3.4,1.75,2,89700,"79,83%",94950,"84,50%"
2019,NORDESTE,PI,220770,PARNAÍBA,152653,44,0,1,2.12,1,151800,"99,44%",152653,100%
2019,NORDESTE,PI,221100,TERESINA,861442,260,0,4.33,12,4,861442,100%,861442,100%
2019,SUL,PR,410040,ALMIRANTE TAMANDARÉ,117168,12,0,6.96,4.6,5,41400,"35,33%",55200,"47,11%"
2019,SUL,PR,410690,CURITIBA,1917185,170,35,75.78,98.55,76,586500,"30,59%",918840,"47,93%"
2019,SUDESTE,RJ,330045,BELFORD ROXO,508614,43,0,12.8,12.45,12,148350,"29,17%",185700,"36,51%"
2019,SUDESTE,RJ,330170,DUQUE DE CAXIAS,914383,67,0,47.46,47.4,47,230460,"25,20%",372660,"40,76%"
2019,SUDESTE,RJ,330190,ITABORAÍ,238695,39,0,11.16,22.75,11,134550,"56,37%",168030,"70,40%"
2019,SUDESTE,RJ,330250,MAGÉ,243657,45,0,0,0,0,155250,"63,72%",155250,"63,72%"
2019,SUDESTE,RJ,330270,MARICÁ,157789,35,0,14.3,9.45,9,120750,"76,53%",149100,"94,49%"
2019,SUDESTE,RJ,330285,MESQUITA,175620,28,0,13.2,15.35,13,97118,"55,30%",136717.5,"77,85%"
2019,SUDESTE,RJ,330320,NILÓPOLIS,162269,29,0,27.4,53.3,27,100050,"61,66%",162269,100%
2019,SUDESTE,RJ,330330,NITERÓI,511786,96,0,18.03,18.5,18,331200,"64,71%",385290,"75,28%"
2019,SUDESTE,RJ,330350,NOVA IGUAÇU,818875,119,0,62.73,49.05,49,410550,"50,14%",557700,"68,11%"
2019,SUDESTE,RJ,330414,QUEIMADOS,149265,12,0,8.1,3.6,4,41400,"27,74%",52200,"34,97%"
2019,SUDESTE,RJ,330420,RESENDE,130334,31,0,5.21,16.15,5,106950,"82,06%",122580,"94,05%"
2019,SUDESTE,RJ,330455,RIO DE JANEIRO,6688927,858,0,138.93,338.1,139,2961135,"44,27%",3377925,"50,50%"
2019,SUDESTE,RJ,330490,SÃO GONÇALO,1077687,208,0,29.58,45.55,30,717600,"66,59%",806340,"74,82%"
2019,SUDESTE,RJ,330510,SÃO JOÃO DE MERITI,471888,66,0,20.53,35.55,21,227700,"48,25%",289290,"61,30%"
2019,NORDESTE,RN,240810,"NATAL",877640,98,0,48.66,65.5,49,337238,"38,43%",483217.5,"55,06%"
2019,NORDESTE,RN,240325,PARNAMIRIM,255793,47,0,8.48,47.75,8,162150,"63,39%",187590,"73,34%"
2019,NORTE,RO,110012,JI-PARANÁ,127907,27,0,4.83,0.75,0,93150,"72,83%",93150,"72,83%"
2019,NORTE,RR,140010,BOA VISTA,375374,49,0,15.03,23.65,15,169050,"45,04%",214140,"57,05%"
2019,SUL,RS,430060,ALVORADA,209213,32,0,3.66,3.5,4,110400,"52,77%",120900,"57,79%"
2019,SUL,RS,430210,BENTO GONÇALVES,119049,12,0,9.71,14.8,10,41400,"34,78%",70530,"59,24%"
2019,SUL,RS,430460,CANOAS,344957,54,0,18.93,40.65,19,186473,"54,06%",243262.5,"70,52%"
2019,SUL,RS,430510,CAXIAS DO SUL,504069,45,0,43.4,42.87,43,154560,"30,66%",283170,"56,18%"
2019,SUL,RS,431410,PASSO FUNDO,201767,14,0,12.56,25.47,13,48300,"23,94%",85980,"42,61%"
2019,SUL,RS,431490,PORTO ALEGRE,1479101,229,0,82.55,104.7,83,788670,"53,32%",1036320,"70,06%"
2019,SUL,RS,431560,RIO GRANDE,210005,33,0,12.06,23.35,12,114368,"54,46%",150547.5,"71,69%"
2019,SUL,RS,431680,SANTA CRUZ DO SUL,129427,23,0,7.3,10.15,7,79350,"61,31%",101250,"78,23%"
2019,SUL,RS,431690,SANTA MARIA,280505,21,0,18.96,38.25,19,72450,"25,83%",129330,"46,11%"
2019,SUL,RS,431870,SÃO LEOPOLDO,234947,12,0,17.13,20.85,17,41400,"17,62%",92790,"39,49%"
2019,SUL,RS,432000,SAPUCAIA DO SUL,140311,23,0,18.55,19.62,19,79350,"56,55%",135000,"96,21%"
2019,SUL,RS,432300,VIAMÃO,254101,17,0,11.41,4.5,5,58650,"23,08%",72150,"28,39%"
2019,SUL,SC,420540,FLORIANÓPOLIS,492977,107,0,50.63,76.6,51,369150,"74,88%",492977,100%
2019,SUL,SC,421190,PALHOÇA,168259,37,0,3.5,9.1,4,127650,"75,87%",138150,"82,11%"
2019,SUL,SC,421660,SÃO JOSÉ,242927,47,0,28.31,11.5,12,162150,"66,75%",196650,"80,95%"
2019,NORDESTE,SE,280030,ARACAJU,648939,127,0,28.36,35.35,28,438150,"67,52%",523230,"80,63%"
2019,NORDESTE,SE,280480,NOSSA SENHORA DO SOCORRO,181503,63,0,3,5,3,181503,100%,181503,100%
2019,SUDESTE,SP,350600,BAURU,374272,13,0,32.5,41.7,33,44850,"11,98%",142350,"38,03%"
2019,SUDESTE,SP,350750,BOTUCATU,144820,18,8,0.3,6.65,0,62100,"42,88%",86100,"59,45%"
2019,SUDESTE,SP,351350,CUBATÃO,129760,20,0,15.13,12.7,13,67965,"52,38%",106065,"81,74%"
2019,SUDESTE,SP,351870,GUARUJÁ,318107,41,0,14.93,27.25,15,141450,"44,47%",186240,"58,55%"
2019,SUDESTE,SP,352230,ITAPETININGA,162231,14,0,9.01,21.5,9,47955,"29,56%",74985,"46,22%"
2019,SUDESTE,SP,352310,ITAQUAQUECETUBA,366519,20,0,24.33,29.5,24,69000,"18,83%",141990,"38,74%"
2019,SUDESTE,SP,353470,OURINHOS,112711,5,0,16.6,20.75,17,17250,"15,30%",67050,"59,49%"
2019,SUDESTE,SP,354100,PRAIA GRANDE,319146,91,0,4.6,23.12,5,313950,"98,37%",319146,100%
2019,SUDESTE,SP,355030,SÃO PAULO,12176866,1343,11,984.93,1205.22,985,4633523,"38,05%",7621312.5,"62,59%"
2019,NORTE,TO,170210,ARAGUAÍNA,177517,32,0,0.33,4,0,110400,"62,19%",110400,"62,19%"
2019,NORTE,TO,172100,PALMAS,291855,84,0,24.86,28.5,25,289800,"99,30%",291855,100%
